CodigoCliente;CodigoContrato;DataInicio;DataTermino;Fechado;Placa;Cor;Modelo;ValorPeriodoVeiculo;ValorCombustivel;ValorLocacao;PeriodoTarifa;ValorDiversos
477;22580;25/09/2020 00:00;28/09/2020 00:00;Sim;RFM9A47;Branco Banchisa;Gol 1.0 Flex 12v 5p;R$ 80,00;R$ 0,00;R$ 240,00;1;R$ 0,00
1035;22593;28/09/2020 00:00;26/11/2020 00:00;Sim;QPO8329;Prata;Gol 1.0 Flex 12v 5p;R$ 1.800,00;R$ 142,52;R$ 3.879,95;30;R$ 0,00
521;22596;28/09/2020 00:00;18/11/2020 00:00;Sim;QWU1181;Prata;Etios Hb Xls 1.5;R$ 63,34;R$ 173,06;R$ 3.553,40;1;R$ 150,00
1609;22626;05/10/2020 00:00;08/10/2020 00:00;Sim;PWY8734;Branca;Fiorino Furgão 1.4 Flex;R$ 183,33;R$ 0,00;R$ 549,99;1;R$ 0,00
1881;22628;06/10/2020 00:00;07/10/2020 00:00;Sim;RFP7J83;Branca;Ka Se 1.0 Ha;R$ 55,56;R$ 0,00;R$ 100,00;1;R$ 0,00
1957;22631;06/10/2020 00:00;17/11/2020 00:00;Sim;RFP7J72;Branca;Ka Se 1.0 Ha;R$ 1.750,00;R$ 0,00;R$ 2.450,00;30;R$ 0,00
1958;22633;07/10/2020 00:00;12/10/2020 00:00;Sim;QQU2455;Prata;Corolla Gli 1.8 Cvt;R$ 330,00;R$ 0,00;R$ 1.650,00;1;R$ 0,00
1959;22636;08/10/2020 00:00;13/10/2020 00:00;Sim;RFP7J96;Branca;Ka Se 1.0 Ha;R$ 100,00;R$ 0,00;R$ 500,00;1;R$ 0,00
1960;22637;08/10/2020 00:00;13/10/2020 00:00;Sim;RFP7J83;Branca;Ka Se 1.0 Ha;R$ 100,00;R$ 0,00;R$ 500,00;1;R$ 0,00
1404;22635;08/10/2020 00:00;09/10/2020 00:00;Sim;RFP7J85;Branca;Ka Se 1.0 Ha;R$ 0,01;R$ 61,08;R$ 61,10;1;R$ 0,00
1961;22638;09/10/2020 00:00;14/10/2020 00:00;Sim;RFP7J93;Branca;Ka Se 1.0 Ha;R$ 100,00;R$ 0,00;R$ 500,00;1;R$ 0,00
1963;22642;09/10/2020 00:00;14/10/2020 00:00;Sim;RFP7J90;Branca;Ka Se 1.0 Ha;R$ 100,00;R$ 0,00;R$ 850,00;1;R$ 350,00
1962;22641;09/10/2020 00:00;13/10/2020 00:00;Sim;RFI4A44;Cinza;Ka Se 1.0 Ha;R$ 100,00;R$ 0,00;R$ 400,00;1;R$ 0,00
839;22646;13/10/2020 00:00;30/11/2020 00:00;Sim;QXG3475;Branca;Onix 1.0mt Lt Flex Power Sp. Mec.;R$ 1.900,00;R$ 0,00;R$ 3.040,00;30;R$ 0,00
1969;22693;15/10/2020 00:00;19/10/2020 00:00;Sim;RFP7J81;Branca;Ka Se 1.0 Ha;R$ 100,00;R$ 0,00;R$ 400,00;1;R$ 0,00
1974;22735;19/10/2020 00:00;23/10/2020 00:00;Sim;RFP7J93;Branca;Ka Se 1.0 Ha;R$ 90,00;R$ 0,00;R$ 450,00;1;R$ 0,00
1963;22766;21/10/2020 00:00;13/11/2020 00:00;Sim;RFT6C21;Prata Sirius;Gol 1.6 Msi Flex 8v 5p;R$ 60,00;R$ 0,00;R$ 1.820,00;1;R$ 380,00
848;22776;21/10/2020 00:00;18/11/2020 00:00;Sim;RFT6C10;Prata Sirius;Gol 1.6 Msi Flex 8v 5p;R$ 53,33;R$ 0,00;R$ 1.493,24;1;R$ 0,00
1175;22775;21/10/2020 00:00;27/10/2020 00:00;Sim;RFT6C24;Prata Sirius;Gol 1.6 Msi Flex 8v 5p;R$ 130,00;R$ 0,00;R$ 780,00;1;R$ 0,00
2082;22806;24/10/2020 00:00;26/10/2020 00:00;Sim;QOO3920;Prata;Saveiro Robust 1.6 Total Flex 8v;R$ 57,69;R$ 0,00;R$ 150,00;1;R$ 0,00
2015;22840;27/10/2020 00:00;27/10/2020 00:00;Sim;RFM9A51;Branco;Gol 1.0 Flex 12v 5p;R$ 100,00;R$ 0,00;R$ 100,00;1;R$ 0,00
1541;22885;29/10/2020 00:00;10/11/2020 00:00;Sim;RFU8B54;Branco;Ka Se 1.0 Ha;R$ 1.900,00;R$ 0,00;R$ 760,00;30;R$ 0,00
1780;23648;02/11/2020 00:00;12/12/2020 00:00;Sim;QOS4685;Preta;Etios Platinum Sed. 1.5 Flex 16v 4p Aut.;R$ 2.900,00;R$ 0,00;R$ 3.866,67;30;R$ 0,00
1780;22899;02/11/2020 00:00;12/11/2020 00:00;Sim;QQU9615;Preta;Corolla Gli 1.8 Cvt;R$ 4.000,00;R$ 0,00;R$ 0,00;30;
1780;23106;02/11/2020 00:00;05/12/2020 00:00;Sim;RFX2E24;Branca;Hilux Cd 4x4 2.8 Diesel Mec;R$ 2.900,00;R$ 0,00;R$ 0,00;30;
1583;23001;06/11/2020 00:00;26/11/2020 00:00;Sim;QUZ7003;Branca;Hb 20 1.0 Unique Flex 12v Mec.;R$ 1.734,93;R$ 0,00;R$ 1.200,00;30;R$ 0,00
1493;22890;09/11/2020 00:00;26/11/2020 00:00;Sim;QQU2455;Prata;Corolla Gli 1.8 Cvt;R$ 200,00;R$ 0,00;R$ 3.583,37;1;R$ 0,00
848;23159;13/11/2020 00:00;16/11/2020 00:00;Sim;QQU9615;Preta;Corolla Gli 1.8 Cvt;R$ 100,00;R$ 0,00;R$ 300,00;1;R$ 0,00
1035;23286;16/11/2020 00:00;17/11/2020 00:00;Sim;RFT6C22;Prata Sirius;Gol 1.6 Msi Flex 8v 5p;R$ 2.000,00;R$ 0,00;R$ 96,67;30;R$ 30,00
2089;23198;18/11/2020 00:00;20/11/2020 00:00;Sim;RFP7J72;Branca;Ka Se 1.0 Ha;R$ 100,00;R$ 0,00;R$ 200,00;1;R$ 0,00
1670;23203;18/11/2020 00:00;18/12/2020 00:00;Sim;RFQ7H05;Cinza Moscou;Ka Se 1.0 Ha;R$ 1.650,00;R$ 0,00;R$ 1.650,00;30;R$ 0,00
2091;23255;24/11/2020 00:00;24/12/2020 00:00;Sim;RFU8B54;Branco;Ka Se 1.0 Ha;R$ 1.550,00;R$ 0,00;R$ 1.550,00;30;R$ 0,00
2092;23264;24/11/2020 00:00;26/11/2020 00:00;Sim;RFT6C21;Prata Sirius;Gol 1.6 Msi Flex 8v 5p;R$ 200,00;R$ 0,00;R$ 400,00;1;R$ 0,00
2093;23265;25/11/2020 00:00;23/12/2020 00:00;Sim;RFT2A86;Cinza Moscou;Ka Se 1.0 Ha;R$ 1.650,00;R$ 0,00;R$ 1.540,00;30;R$ 0,00
1305;23292;27/11/2020 00:00;30/11/2020 00:00;Sim;RFQ7H03;Cinza Moscou;Ka Se 1.0 Ha;R$ 100,00;R$ 0,00;R$ 300,00;1;R$ 0,00
1001;23336;30/11/2020 00:00;23/01/2021 00:00;Sim;QUY5576;Branca;Frontier Se Atx 4;R$ 6.800,00;R$ 0,00;R$ 12.240,00;30;R$ 0,00
2099;23597;03/12/2020 00:00;20/01/2021 00:00;Sim;QQU9615;Preta;Corolla Gli 1.8 Cvt;R$ 3.920,00;R$ 0,00;R$ 6.400,00;30;R$ 8,21
2101;23633;04/12/2020 00:00;03/01/2021 00:00;Sim;RFT6C14;Prata;Gol 1.6 Msi Flex 8v 5p;R$ 1.850,00;R$ 0,00;R$ 1.850,00;30;R$ 0,00
2100;23617;04/12/2020 00:00;09/12/2020 00:00;Sim;RFQ7H03;Cinza Moscou;Ka Se 1.0 Ha;R$ 100,00;R$ 0,00;R$ 530,00;1;R$ 30,00
1305;23637;05/12/2020 00:00;10/12/2020 00:00;Sim;RFM9A47;Branco Banchisa;Gol 1.0 Flex 12v 5p;R$ 100,00;R$ 0,00;R$ 500,00;1;R$ 0,00
2103;23662;07/12/2020 00:00;04/01/2021 00:00;Sim;RFP7J90;Branca;Ka Se 1.0 Ha;R$ 1.650,00;R$ 0,00;R$ 1.540,00;30;R$ 0,00
2102;23647;07/12/2020 00:00;07/01/2021 00:00;Sim;QWR4067;Prata Sand;Hb 20 1.0 Unique Flex 12v Mec.;R$ 1.596,77;R$ 0,00;R$ 1.650,00;30;R$ 0,00
1488;23663;07/12/2020 00:00;06/01/2021 00:00;Sim;RFT2A90;Branco;Ka Se 1.0 Ha;R$ 1.650,00;R$ 0,00;R$ 1.650,00;30;R$ 0,00
2104;23664;11/12/2020 00:00;11/01/2021 00:00;Sim;RFQ7H03;Cinza Moscou;Ka Se 1.0 Ha;R$ 1.595,00;R$ 0,00;R$ 1.650,00;30;R$ 1,83
2105;23677;11/12/2020 00:00;03/02/2021 00:00;Sim;QUZ7003;Branca;Hb 20 1.0 Unique Flex 12v Mec.;R$ 1.600,00;R$ 0,00;R$ 2.880,00;30;R$ 0,00
1268;23673;11/12/2020 00:00;12/01/2021 00:00;Sim;QWU1064;Prata;Etios Hb Xls 1.5;R$ 46,87;R$ 0,00;R$ 1.500,00;1;R$ 0,16
1476;23687;12/12/2020 00:00;19/12/2020 00:00;Sim;RFP7J83;Branca;Ka Se 1.0 Ha;R$ 100,00;R$ 0,00;R$ 730,00;1;R$ 30,00
1948;23695;14/12/2020 00:00;13/01/2021 00:00;Sim;RFI4A56;Branco;Ka Se 1.0 Ha;R$ 1.600,00;R$ 0,00;R$ 1.600,00;30;R$ 0,00
2107;23720;17/12/2020 00:00;14/01/2021 00:00;Sim;RFP7J87;Branca;Ka Se 1.0 Ha;R$ 1.650,00;R$ 0,00;R$ 1.680,00;30;R$ 103,36
1983;23739;18/12/2020 00:00;21/12/2020 00:00;Sim;RGA5J79;Prata;STRADA ENDURANCE CS 1.4 02;R$ 100,00;R$ 0,00;R$ 300,00;1;R$ 0,00
2110;23744;19/12/2020 00:00;18/01/2021 00:00;Sim;QWU1181;Prata;Etios Hb Xls 1.5;R$ 60,00;R$ 0,00;R$ 1.800,00;1;R$ 0,00
1961;23741;20/12/2020 00:00;04/01/2021 00:00;Sim;RMF0A20;Preta;Gol 1.6 Msi Flex 8v 5p;R$ 100,00;R$ 0,00;R$ 1.500,00;1;R$ 0,00
2106;23745;21/12/2020 00:00;21/01/2021 00:00;Sim;RMF0A22;Cinza;Gol 1.6 Msi Flex 8v 5p;R$ 1.519,80;R$ 0,00;R$ 1.600,00;30;R$ 0,00
1863;23749;21/12/2020 00:00;28/12/2020 00:00;Sim;RME6J06;Cinza;Gol 1.6 Msi Flex 8v 5p;R$ 130,00;R$ 0,00;R$ 910,00;1;R$ 0,00
1863;23750;21/12/2020 00:00;04/01/2021 00:00;Sim;RME6J07;Cinza;Gol 1.6 Msi Flex 8v 5p;R$ 110,00;R$ 0,00;R$ 1.540,00;1;R$ 0,00
2114;23747;21/12/2020 00:00;20/01/2021 00:00;Sim;RMF0A19;Cinza;Gol 1.6 Msi Flex 8v 5p;R$ 55,00;R$ 0,00;R$ 1.650,00;1;R$ 0,00
2113;23757;22/12/2020 00:00;28/12/2020 00:00;Sim;RME6J14;Cinza;Gol 1.6 Msi Flex 8v 5p;R$ 130,00;R$ 0,00;R$ 780,00;1;R$ 0,00
1481;23780;23/12/2020 00:00;12/01/2021 00:00;Sim;QQU2455;Prata;Corolla Gli 1.8 Cvt;R$ 150,00;R$ 0,00;R$ 3.000,00;1;R$ 0,00
2115;23766;23/12/2020 00:00;28/12/2020 00:00;Sim;RFP7J83;Branca;Ka Se 1.0 Ha;R$ 100,00;R$ 0,00;R$ 500,00;1;R$ 0,00
2117;23786;24/12/2020 00:00;06/01/2021 00:00;Sim;QWR6983;Cinza;Etios Hb Xls 1.5;R$ 100,00;R$ 0,00;R$ 1.360,00;1;R$ 60,00
2116;23782;24/12/2020 00:00;28/12/2020 00:00;Sim;RFP7J91;Branca;Ka Se 1.0 Ha;R$ 100,00;R$ 0,00;R$ 400,00;1;R$ 0,00
695;23791;29/12/2020 00:00;28/01/2021 00:00;Sim;RFU8B54;Branco;Ka Se 1.0 Ha;R$ 1.750,00;R$ 0,00;R$ 2.190,00;30;R$ 440,00
2118;23828;30/12/2020 00:00;31/12/2020 00:00;Sim;QWR6984;Cinza;Etios Hb Xls 1.5;R$ 0,00;R$ 0,00;R$ 0,00;1;R$ 0,00
2119;23883;31/12/2020 00:00;04/01/2021 00:00;Sim;RFP7J83;Branca;Ka Se 1.0 Ha;R$ 100,00;R$ 0,00;R$ 400,00;1;R$ 0,00
520;23885;04/01/2021 00:00;24/02/2021 00:00;Sim;RME6J07;Cinza;Gol 1.6 Msi Flex 8v 5p;R$ 1.800,00;R$ 0,00;R$ 3.060,00;30;R$ 0,00
2122;23909;06/01/2021 00:00;05/02/2021 00:00;Sim;RFP7J90;Branca;Ka Se 1.0 Ha;R$ 1.650,00;R$ 0,00;R$ 1.650,00;30;R$ 0,00
1488;23910;06/01/2021 00:00;05/02/2021 00:00;Sim;RFT2A90;Branco;Ka Se 1.0 Ha;R$ 1.650,00;R$ 0,00;R$ 1.650,00;30;R$ 0,00
2123;23912;08/01/2021 00:00;11/01/2021 00:00;Sim;RFQ7H08;Cinza Moscou;Ka Se 1.0 Ha;R$ 100,00;R$ 0,00;R$ 300,00;1;R$ 0,00
340;24161;18/01/2021 00:00;18/01/2021 00:00;Sim;RFP7J87;Branca;Ka Se 1.0 Ha;R$ 100,00;R$ 0,00;R$ 0,00;1;
340;24162;18/01/2021 00:00;21/01/2021 00:00;Sim;RFT2A86;Cinza Moscou;Ka Se 1.0 Ha;R$ 100,00;R$ 0,00;R$ 300,00;1;R$ 0,00
2126;24180;20/01/2021 00:00;29/01/2021 00:00;Sim;QWU1193;Prata;Etios Hb Xls 1.5;R$ 120,00;R$ 0,00;R$ 1.080,00;1;R$ 0,00
2002;23792;25/01/2021 00:00;26/02/2021 00:00;Sim;QOS4685;Preta;Etios Platinum Sed. 1.5 Flex 16v 4p Aut.;R$ 2.000,00;R$ 0,00;R$ 2.133,33;30;R$ 0,00
1609;24233;28/01/2021 00:00;01/02/2021 00:00;Sim;RFQ7H08;Cinza Moscou;Ka Se 1.0 Ha;R$ 75,00;R$ 0,00;R$ 330,00;1;R$ 30,00
2129;24246;29/01/2021 00:00;01/02/2021 00:00;Sim;RFP7J87;Branca;Ka Se 1.0 Ha;R$ 100,00;R$ 0,00;R$ 300,00;1;R$ 35,00
2131;24263;29/01/2021 00:00;01/03/2021 00:00;Sim;RMF0A19;Cinza;Gol 1.6 Msi Flex 8v 5p;R$ 1.550,00;R$ 0,00;R$ 1.601,67;30;R$ 0,00
2003;24437;04/02/2021 00:00;05/02/2021 00:00;Sim;RMI2E40;Prata Bari;STRADA ENDURANCE CS 1.4 02;R$ 150,00;R$ 0,00;R$ 150,00;1;R$ 0,00
1305;24463;05/02/2021 00:00;10/02/2021 00:00;Sim;RFU8B54;Branco;Ka Se 1.0 Ha;R$ 100,00;R$ 0,00;R$ 500,00;1;R$ 0,00
1806;24509;06/02/2021 00:00;08/02/2021 00:00;Sim;RFP7J91;Branca;Ka Se 1.0 Ha;R$ 100,00;R$ 0,00;R$ 200,00;1;R$ 0,00
1983;24512;08/02/2021 00:00;10/02/2021 00:00;Sim;RGA5J81;Prata;STRADA ENDURANCE CS 1.4 02;R$ 170,00;R$ 0,00;R$ 340,00;1;R$ 0,00
2137;24543;10/02/2021 00:00;11/02/2021 00:00;Sim;RFP7J91;Branca;Ka Se 1.0 Ha;R$ 100,00;R$ 0,00;R$ 296,65;1;R$ 30,00
2138;24568;11/02/2021 00:00;20/02/2021 00:00;Sim;RFU8B54;Branco;Ka Se 1.0 Ha;R$ 90,00;R$ 0,00;R$ 840,00;1;R$ 30,00
1949;24610;12/02/2021 00:00;15/02/2021 00:00;Sim;RFT2A86;Cinza Moscou;Ka Se 1.0 Ha;R$ 100,00;R$ 0,00;R$ 300,00;1;R$ 0,00
1035;24668;12/02/2021 00:00;17/02/2021 00:00;Sim;PPY8018;Branca;Frontier Se Atx 4;R$ 0,01;R$ 0,00;R$ 0,05;1;R$ 0,00
1806;24611;12/02/2021 00:00;18/02/2021 00:00;Sim;QWR6981;Cinza;Etios Hb Xls 1.5;R$ 90,00;R$ 0,00;R$ 540,00;1;R$ 0,00
2140;24612;12/02/2021 00:00;15/02/2021 00:00;Sim;RML0C55;Prata;Gol 1.6 Msi Flex 8v 5p;R$ 100,00;R$ 0,00;R$ 300,00;1;R$ 0,00
2139;24571;12/02/2021 00:00;22/02/2021 00:00;Sim;RFI4A56;Branco;Ka Se 1.0 Ha;R$ 90,00;R$ 0,00;R$ 900,00;1;R$ 0,00
2141;24613;13/02/2021 00:00;15/02/2021 00:00;Sim;QWU1020;Prata;Etios Hb Xls 1.5;R$ 130,00;R$ 0,00;R$ 260,00;1;R$ 0,00
2144;24653;17/02/2021 00:00;17/03/2021 00:00;Sim;RFT2A86;Cinza Moscou;Ka Se 1.0 Ha;R$ 1.607,14;R$ 0,00;R$ 1.500,00;30;R$ 0,00
816;24659;18/02/2021 00:00;23/03/2021 00:00;Sim;QWU1181;Prata;Etios Hb Xls 1.5;R$ 1.800,00;R$ 0,00;R$ 2.005,00;30;R$ 0,00
2101;24669;19/02/2021 00:00;22/03/2021 00:00;Sim;QWU1020;Prata;Etios Hb Xls 1.5;R$ 1.741,94;R$ 0,00;R$ 1.800,00;30;R$ 0,00
2147;24675;20/02/2021 00:00;24/03/2021 00:00;Sim;QWR6981;Cinza;Etios Hb Xls 1.5;R$ 1.700,00;R$ 0,00;R$ 1.813,33;30;R$ 0,00
841;24707;22/02/2021 00:00;25/02/2021 00:00;Sim;RMF0A17;Prata;Gol 1.6 Msi Flex 8v 5p;R$ 100,00;R$ 0,00;R$ 330,00;1;R$ 30,00
848;24721;24/02/2021 00:00;01/03/2021 00:00;Sim;RMD5B14;Branco;Toro Endurance Atd4;R$ 300,00;R$ 0,00;R$ 1.500,00;1;R$ 0,00
2082;24969;25/02/2021 00:00;27/02/2021 00:00;Sim;RMI2E40;Prata Bari;STRADA ENDURANCE CS 1.4 02;R$ 75,00;R$ 0,00;R$ 150,00;1;R$ 0,00
2003;25066;05/03/2021 00:00;08/03/2021 00:00;Sim;RMI2E40;Prata Bari;STRADA ENDURANCE CS 1.4 02;R$ 150,00;R$ 0,00;R$ 450,00;1;R$ 0,00
2152;25128;22/03/2021 00:00;23/03/2021 00:00;Sim;RMO6H51;Prata;Ka Se 1.0 Ha;R$ 100,00;R$ 0,00;R$ 141,65;1;R$ 0,00
2152;25155;24/03/2021 00:00;25/03/2021 00:00;Sim;RMO6H51;Prata;Ka Se 1.0 Ha;R$ 100,00;R$ 0,00;R$ 100,00;1;R$ 0,00
2153;25158;25/03/2021 00:00;29/03/2021 00:00;Sim;RFL9E65;Prata Bari;STRADA ENDURANCE CS 1.4 02;R$ 120,00;R$ 0,00;R$ 480,00;1;R$ 0,00
2003;25515;09/04/2021 00:00;12/04/2021 00:00;Sim;QUB0453;Prata;Saveiro Robust 1.6 Total Flex 8v;R$ 130,00;R$ 0,00;R$ 390,00;1;R$ 0,00
1983;25520;12/04/2021 00:00;17/04/2021 00:00;Sim;QUZ7004;Branca;Hb 20 1.0 Unique Flex 12v Mec.;R$ 100,00;R$ 0,00;R$ 530,00;1;R$ 30,00
1541;25665;19/04/2021 00:00;22/04/2021 00:00;Sim;RMI3G07;Prata;L200 Triton Outd Gls D;R$ 500,00;R$ 0,00;R$ 1.500,00;1;R$ 0,00
2159;25573;20/04/2021 00:00;23/04/2021 00:00;Sim;RFI4A35;Prata;Ka Se 1.0 Ha;R$ 120,00;R$ 0,00;R$ 370,00;1;R$ 10,00
2160;25631;23/04/2021 00:00;26/04/2021 00:00;Sim;RMI3G08;Branca;L200 Triton Outd Gls D;R$ 500,00;R$ 0,00;R$ 1.500,00;1;R$ 0,00
848;25677;27/04/2021 00:00;03/05/2021 00:00;Sim;QQZ9779;Branca;Frontier Se Atx 4;R$ 300,00;R$ 0,00;R$ 1.800,00;1;R$ 0,00
2113;25886;30/04/2021 00:00;03/05/2021 00:00;Sim;QWU1035;Cinza;Etios Hb Xls 1.5;R$ 130,00;R$ 0,00;R$ 420,00;1;R$ 30,00
2164;26002;07/05/2021 00:00;10/05/2021 00:00;Sim;QWR4070;Branca;Hb 20 1.0 Unique Flex 12v Mec.;R$ 100,00;R$ 0,00;R$ 300,00;1;R$ 0,00
586;26009;08/05/2021 00:00;10/05/2021 00:00;Sim;RFT2A90;Branco;Ka Se 1.0 Ha;R$ 120,00;R$ 0,00;R$ 240,00;1;R$ 0,00
883;26433;12/05/2021 00:00;27/05/2021 00:00;Sim;RFY6A91;Branca;Hilux Cd 4x4 2.8 Diesel Mec;R$ 220,00;R$ 0,00;R$ 3.550,00;1;R$ 250,00
1949;26081;21/05/2021 00:00;24/05/2021 00:00;Sim;QWU1035;Cinza;Etios Hb Xls 1.5;R$ 110,00;R$ 0,00;R$ 330,00;1;R$ 0,00
1983;26150;25/05/2021 00:00;26/05/2021 00:00;Sim;RMY0E62;Prata;VOYAGE 1.6 L MB5;R$ 110,00;R$ 0,00;R$ 140,00;1;R$ 30,00
2172;26157;27/05/2021 00:00;26/06/2021 00:00;Sim;QQU9615;Preta;Corolla Gli 1.8 Cvt;R$ 163,34;R$ 0,00;R$ 4.900,20;1;R$ 0,00
2138;26160;28/05/2021 00:00;03/07/2021 00:00;Sim;RFI4A56;Branco;Ka Se 1.0 Ha;R$ 53,45;R$ 149,27;R$ 2.073,47;1;R$ 0,00
2173;26182;28/05/2021 00:00;02/06/2021 00:00;Sim;RMY0E57;Prata;VOYAGE 1.6 L MB5;R$ 120,00;R$ 0,00;R$ 600,00;1;R$ 0,00
848;26435;04/06/2021 00:00;07/06/2021 00:00;Sim;QWU1185;Cinza;Etios Hb Xls 1.5;R$ 150,00;R$ 220,66;R$ 700,66;1;R$ 30,00
2175;26442;07/06/2021 00:00;25/06/2021 00:00;Sim;RMY0E59;Preta;VOYAGE 1.6 L MB5;R$ 90,00;R$ 188,21;R$ 2.218,21;1;R$ 410,00
1961;26472;15/06/2021 00:00;17/07/2021 00:00;Sim;RFM9A43;Branco;Gol 1.0 Flex 12v 5p;R$ 1.750,00;R$ 0,00;R$ 1.866,67;30;R$ 0,00
1983;26489;17/06/2021 00:00;26/06/2021 00:00;Sim;QWU1064;Prata;Etios Hb Xls 1.5;R$ 100,00;R$ 0,00;R$ 900,00;1;R$ 0,00
848;26560;22/06/2021 00:00;26/06/2021 00:00;Sim;RMV8D72;Prata;Hilux Cd 4x4 2.8 Diesel Mec;R$ 300,00;R$ 0,00;R$ 1.200,00;1;R$ 0,00
1983;26574;24/06/2021 00:00;26/06/2021 00:00;Sim;RGA5J84;Prata;STRADA ENDURANCE CS 1.4 02;R$ 140,00;R$ 0,00;R$ 900,00;1;R$ 620,00
335;26591;24/06/2021 00:00;30/06/2021 00:00;Sim;QOV1080;Preto;Renegade Lngtd At D;R$ 300,00;R$ 0,00;R$ 1.950,00;1;R$ 0,00
1949;26586;25/06/2021 00:00;25/06/2021 00:00;Sim;RFM9A24;Branco;Gol 1.0 Flex 12v 5p;R$ 110,00;R$ 0,00;R$ 0,00;1;
1949;26606;25/06/2021 00:00;28/06/2021 00:00;Sim;RMF0A24;Prata;Gol 1.6 Msi Flex 8v 5p;R$ 110,00;R$ 0,00;R$ 330,00;1;R$ 0,00
2181;26877;01/07/2021 00:00;15/07/2021 00:00;Sim;QWU1054;Prata;Etios Hb Xls 1.5;R$ 90,00;R$ 0,00;R$ 1.560,00;1;R$ 300,00
2183;26902;05/07/2021 00:00;07/07/2021 00:00;Sim;RMV8D70;Prata;Hilux Cd 4x4 2.8 Diesel Mec;R$ 600,00;R$ 0,00;R$ 1.800,00;1;R$ 0,00
1983;26915;07/07/2021 00:00;08/07/2021 00:00;Sim;RGA5J84;Prata;STRADA ENDURANCE CS 1.4 02;R$ 140,00;R$ 0,00;R$ 140,00;1;R$ 0,00
2186;26921;08/07/2021 00:00;09/07/2021 00:00;Sim;RMY0E61;Prata;VOYAGE 1.6 L MB5;R$ 110,00;R$ 0,00;R$ 110,00;1;R$ 0,00
1196;26947;14/07/2021 00:00;15/07/2021 00:00;Sim;QOS4685;Preta;Etios Platinum Sed. 1.5 Flex 16v 4p Aut.;R$ 140,00;R$ 0,00;R$ 140,00;1;R$ 0,00
1780;26948;14/07/2021 00:00;02/08/2021 00:00;Sim;QUK9837;Branca;Versa 16 Sv Cvt;R$ 1.800,00;R$ 0,00;R$ 1.140,00;30;R$ 0,00
2189;26951;15/07/2021 00:00;22/07/2021 00:00;Sim;RMZ2I76;Prata;Hilux Cd 4x4 2.8 Diesel Mec;R$ 600,00;R$ 0,00;R$ 4.200,00;1;R$ 0,00
1676;26959;16/07/2021 00:00;19/07/2021 00:00;Sim;RMF0A24;Prata;Gol 1.6 Msi Flex 8v 5p;R$ 106,67;R$ 0,00;R$ 320,01;1;R$ 0,00
2139;26961;16/07/2021 00:00;19/07/2021 00:00;Sim;RME6J16;Prata;Gol 1.6 Msi Flex 8v 5p;R$ 100,00;R$ 0,00;R$ 300,00;1;R$ 0,00
1949;26968;17/07/2021 00:00;19/07/2021 00:00;Sim;QWU1054;Prata;Etios Hb Xls 1.5;R$ 100,00;R$ 0,00;R$ 200,00;1;R$ 0,00
2183;26969;19/07/2021 00:00;22/07/2021 00:00;Sim;RMZ2I77;Prata;Hilux Cd 4x4 2.8 Diesel Mec;R$ 550,00;R$ 0,00;R$ 1.650,00;1;R$ 0,00
1087;26909;19/07/2021 00:00;22/08/2021 00:00;Sim;QQU2455;Prata;Corolla Gli 1.8 Cvt;R$ 4.200,00;R$ 0,00;R$ 4.760,00;30;R$ 0,00
1392;27044;21/07/2021 00:00;22/07/2021 00:00;Sim;QWU1035;Cinza;Etios Hb Xls 1.5;R$ 110,00;R$ 0,00;R$ 0,00;1;
1392;27047;21/07/2021 00:00;24/07/2021 00:00;Sim;RMF0A23;Cinza;Gol 1.6 Msi Flex 8v 5p;R$ 99,18;R$ 32,45;R$ 329,99;1;R$ 0,00
2181;27045;21/07/2021 00:00;23/07/2021 00:00;Sim;QWU1054;Prata;Etios Hb Xls 1.5;R$ 90,00;R$ 0,00;R$ 180,00;1;R$ 0,00
1885;27046;21/07/2021 00:00;29/08/2021 00:00;Sim;PPY8018;Branca;Frontier Se Atx 4;R$ 230,00;R$ 0,00;R$ 9.000,00;1;R$ 30,00
848;27055;22/07/2021 00:00;27/07/2021 00:00;Sim;QQZ9779;Branca;Frontier Se Atx 4;R$ 300,00;R$ 0,00;R$ 1.500,00;1;R$ 0,00
2192;27048;22/07/2021 00:00;23/08/2021 00:00;Sim;QWU1035;Cinza;Etios Hb Xls 1.5;R$ 62,50;R$ 0,00;R$ 2.000,00;1;R$ 0,00
2193;27935;22/07/2021 00:00;19/09/2021 00:00;Sim;QWU1035;Cinza;Etios Hb Xls 1.5;R$ 53,56;R$ 0,00;R$ 3.190,04;1;R$ 30,00
2193;27059;22/07/2021 00:00;18/08/2021 00:00;Sim;QWU1185;Cinza;Etios Hb Xls 1.5;R$ 60,00;R$ 0,00;R$ 0,00;1;
2193;27532;22/07/2021 00:00;28/08/2021 00:00;Sim;QXG3483;Prata;Onix 1.0mt Lt Flex Power Sp. Mec.;R$ 60,00;R$ 0,00;R$ 0,00;1;
2003;27065;24/07/2021 00:00;26/07/2021 00:00;Sim;QQZ5251;Prata;Saveiro Robust 1.6 Total Flex 8v;R$ 75,00;R$ 0,00;R$ 150,00;1;R$ 0,00
1305;27066;24/07/2021 00:00;02/08/2021 00:00;Sim;QOS4685;Preta;Etios Platinum Sed. 1.5 Flex 16v 4p Aut.;R$ 100,00;R$ 0,00;R$ 900,00;1;R$ 0,00
2195;27067;25/07/2021 00:00;04/09/2021 00:00;Sim;QWU1181;Prata;Etios Hb Xls 1.5;R$ 60,00;R$ 0,00;R$ 2.460,00;1;R$ 0,00
1676;27068;26/07/2021 00:00;02/08/2021 00:00;Sim;RNH0B03;Branco Banchisa;Strada Freedom 1.3 Flex 8v Cs Plus;R$ 157,14;R$ 0,00;R$ 1.100,00;1;R$ 0,02
2196;27081;26/07/2021 00:00;26/07/2021 00:00;Sim;RFT8C61;Prata Sirius;Gol 1.6 Msi Flex 8v 5p;R$ 100,00;R$ 0,00;R$ 100,00;1;R$ 0,00
2201;27091;27/07/2021 00:00;28/07/2021 00:00;Sim;RMD5B14;Branco;Toro Endurance Atd4;R$ 400,00;R$ 0,00;R$ 400,00;1;R$ 0,00
1885;27039;28/07/2021 00:00;19/08/2021 00:00;Sim;RFF0F28;Prata Sirius;VOYAGE 1.6 L MB5;R$ 60,00;R$ 0,00;R$ 1.320,00;1;R$ 0,00
1885;27043;28/07/2021 00:00;22/08/2021 00:00;Sim;RMY0E57;Prata;VOYAGE 1.6 L MB5;R$ 60,00;R$ 0,00;R$ 1.500,00;1;R$ 0,00
2204;27168;30/07/2021 00:00;31/08/2021 00:00;Sim;RNH0B00;Branco Banchisa;Strada Freedom 1.3 Flex 8v Cs Plus;R$ 2.590,00;R$ 0,00;R$ 2.762,67;30;R$ 0,00
1983;27340;02/08/2021 00:00;01/09/2021 00:00;Sim;RME6J17;Prata;Gol 1.6 Msi Flex 8v 5p;R$ 1.700,00;R$ 0,00;R$ 1.700,00;30;R$ 0,00
2181;27477;04/08/2021 00:00;06/08/2021 00:00;Sim;RMY0E61;Prata;VOYAGE 1.6 L MB5;R$ 110,00;R$ 0,00;R$ 220,00;1;R$ 0,00
2182;27485;05/08/2021 00:00;12/08/2021 00:00;Sim;QOV1080;Preto;Renegade Lngtd At D;R$ 300,00;R$ 0,00;R$ 2.100,00;1;R$ 0,00
2208;27486;06/08/2021 00:00;07/08/2021 00:00;Sim;QWU1064;Prata;Etios Hb Xls 1.5;R$ 100,00;R$ 0,00;R$ 0,00;1;
2208;27488;06/08/2021 00:00;21/08/2021 00:00;Sim;RMY0E61;Prata;VOYAGE 1.6 L MB5;R$ 100,00;R$ 0,00;R$ 1.600,00;1;R$ 100,00
2209;27487;07/08/2021 00:00;09/08/2021 00:00;Sim;QQZ9775;Branca;Frontier Sccd 4x4 2.3 Tb Diesel Mec.;R$ 400,00;R$ 0,00;R$ 800,00;1;R$ 0,00
586;27489;07/08/2021 00:00;09/08/2021 00:00;Sim;QWU1064;Prata;Etios Hb Xls 1.5;R$ 110,00;R$ 0,00;R$ 220,00;1;R$ 0,00
1541;27512;12/08/2021 00:00;16/08/2021 00:00;Sim;QXG3483;Prata;Onix 1.0mt Lt Flex Power Sp. Mec.;R$ 110,00;R$ 0,00;R$ 500,00;1;R$ 60,00
1037;27511;12/08/2021 00:00;13/08/2021 00:00;Sim;QUK9837;Branca;Versa 16 Sv Cvt;R$ 120,00;R$ 0,00;R$ 120,00;1;R$ 0,00
2213;27515;13/08/2021 00:00;19/08/2021 00:00;Sim;RMZ2I76;Prata;Hilux Cd 4x4 2.8 Diesel Mec;R$ 475,00;R$ 0,00;R$ 2.850,00;1;R$ 0,00
2214;27528;16/08/2021 00:00;17/08/2021 00:00;Sim;RNH0B04;Branco Banchisa;Strada Freedom 1.3 Flex 8v Cs Plus;R$ 220,00;R$ 0,00;R$ 220,00;1;R$ 0,00
1983;27547;20/08/2021 00:00;21/08/2021 00:00;Sim;RNH0B03;Branco Banchisa;Strada Freedom 1.3 Flex 8v Cs Plus;R$ 140,00;R$ 0,00;R$ 140,00;1;R$ 0,00
2015;27942;23/08/2021 00:00;08/10/2021 00:00;Sim;QWU1193;Prata;Etios Hb Xls 1.5;R$ 2.000,00;R$ 0,00;R$ 3.458,00;30;R$ 391,33
2015;27601;23/08/2021 00:00;08/09/2021 00:00;Sim;RMY0E57;Prata;VOYAGE 1.6 L MB5;R$ 2.000,00;R$ 0,00;R$ 0,00;30;
1806;27612;26/08/2021 00:00;30/08/2021 00:00;Sim;QOS4685;Preta;Etios Platinum Sed. 1.5 Flex 16v 4p Aut.;R$ 140,00;R$ 0,00;R$ 560,00;1;R$ 0,00
1268;27618;26/08/2021 00:00;19/09/2021 00:00;Sim;RMY0E61;Prata;VOYAGE 1.6 L MB5;R$ 55,00;R$ 90,86;R$ 1.440,86;1;R$ 30,00
848;27626;27/08/2021 00:00;30/08/2021 00:00;Sim;QOV1080;Preto;Renegade Lngtd At D;R$ 300,00;R$ 0,00;R$ 900,00;1;R$ 0,00
2220;27621;27/08/2021 00:00;02/09/2021 00:00;Sim;QUK9837;Branca;Versa 16 Sv Cvt;R$ 140,00;R$ 0,00;R$ 840,00;1;R$ 0,00
2222;27643;30/08/2021 00:00;30/09/2021 00:00;Sim;QQU2455;Prata;Corolla Gli 1.8 Cvt;R$ 158,06;R$ 0,00;R$ 4.900,00;1;R$ 0,14
848;27927;03/09/2021 00:00;08/09/2021 00:00;Sim;PPY8018;Branca;Frontier Se Atx 4;R$ 300,00;R$ 0,00;R$ 1.500,00;1;R$ 0,00
1332;27951;11/09/2021 00:00;15/09/2021 00:00;Sim;RMY0A62;Cinza;Voyage 1.6 Af5;R$ 200,00;R$ 0,00;R$ 800,00;1;R$ 0,00
1145;27949;11/09/2021 00:00;13/09/2021 00:00;Sim;QOS4685;Preta;Etios Platinum Sed. 1.5 Flex 16v 4p Aut.;R$ 100,00;R$ 0,00;R$ 200,00;1;R$ 0,00
2220;27952;13/09/2021 00:00;16/09/2021 00:00;Sim;QUK9837;Branca;Versa 16 Sv Cvt;R$ 140,00;R$ 0,00;R$ 420,00;1;R$ 0,00
1541;27959;13/09/2021 00:00;15/09/2021 00:00;Sim;QNF9536;Prata;Versa Sl 1.6 16v Flexstart 4p Aut.;R$ 155,00;R$ 0,00;R$ 310,00;1;R$ 0,00
335;28001;16/09/2021 00:00;17/09/2021 00:00;Sim;QUK9837;Branca;Versa 16 Sv Cvt;R$ 180,00;R$ 38,94;R$ 248,94;1;R$ 30,00
2226;28065;21/09/2021 00:00;21/10/2021 00:00;Sim;RNH0B02;Branco Banchisa;Strada Freedom 1.3 Flex 8v Cs Plus;R$ 2.400,00;R$ 0,00;R$ 2.400,00;30;R$ 0,00
1635;28071;22/09/2021 00:00;17/11/2021 00:00;Sim;QWU1035;Cinza;Etios Hb Xls 1.5;R$ 1.800,00;R$ 0,00;R$ 3.360,00;30;R$ 0,00
2227;28084;25/09/2021 00:00;04/10/2021 00:00;Sim;RFF0F28;Prata Sirius;VOYAGE 1.6 L MB5;R$ 140,00;R$ 0,00;R$ 1.260,00;1;R$ 0,00
1983;28114;28/09/2021 00:00;29/09/2021 00:00;Sim;RNH0B04;Branco Banchisa;Strada Freedom 1.3 Flex 8v Cs Plus;R$ 170,00;R$ 0,00;R$ 170,00;1;R$ 0,00
2182;28119;29/09/2021 00:00;15/10/2021 00:00;Sim;PPY8018;Branca;Frontier Se Atx 4;R$ 500,00;R$ 0,00;R$ 0,00;1;
2182;28569;29/09/2021 00:00;26/10/2021 00:00;Sim;PPY8018;Branca;Frontier Se Atx 4;R$ 500,00;R$ 0,00;R$ 0,00;1;
2182;28458;29/09/2021 00:00;21/10/2021 00:00;Sim;RNW0B48;Branca;Frontier Sccd 4x4 2.3 Tb Diesel Mec.;R$ 500,00;R$ 0,00;R$ 0,00;1;
2182;28573;29/09/2021 00:00;31/10/2021 00:00;Sim;RNW0B48;Branca;Frontier Sccd 4x4 2.3 Tb Diesel Mec.;R$ 234,37;R$ 0,00;R$ 7.500,00;1;R$ 0,16
2229;28381;01/10/2021 00:00;02/10/2021 00:00;Sim;RNH0B04;Branco Banchisa;Strada Freedom 1.3 Flex 8v Cs Plus;R$ 250,00;R$ 0,00;R$ 250,00;1;R$ 0,00
2228;28403;02/10/2021 00:00;09/10/2021 00:00;Sim;QXS3A06;Cinza;Spin Primier 1.8 8v Econo.Flex 5p Mec;R$ 250,00;R$ 0,00;R$ 1.750,00;1;R$ 0,00
1983;28406;04/10/2021 00:00;08/10/2021 00:00;Sim;RNH0B04;Branco Banchisa;Strada Freedom 1.3 Flex 8v Cs Plus;R$ 140,00;R$ 0,00;R$ 560,00;1;R$ 0,00
2181;28412;04/10/2021 00:00;06/10/2021 00:00;Sim;RFF0F28;Prata Sirius;VOYAGE 1.6 L MB5;R$ 110,00;R$ 0,00;R$ 220,00;1;R$ 0,00
2230;28429;06/10/2021 00:00;01/11/2021 00:00;Sim;RNW9D80;Cinza;Gol 1.6 Msi Flex 8v 5p;R$ 2.100,00;R$ 0,00;R$ 1.820,00;30;R$ 0,00
1948;28435;08/10/2021 00:00;13/10/2021 00:00;Sim;RFF0F38;Prata Sirius;VOYAGE 1.6 L MB5;R$ 100,00;R$ 0,00;R$ 500,00;1;R$ 0,00
1676;28468;18/10/2021 00:00;21/10/2021 00:00;Sim;RNX9E92;Prata;Gol 1.6 Msi Flex 8v 5p;R$ 110,00;R$ 0,00;R$ 360,00;1;R$ 30,00
841;28464;18/10/2021 00:00;21/10/2021 00:00;Sim;RME6J17;Prata;Gol 1.6 Msi Flex 8v 5p;R$ 100,00;R$ 0,00;R$ 300,00;1;R$ 0,00
1983;28568;18/10/2021 00:00;17/11/2021 00:00;Sim;RNH0B01;Branco Banchisa;Strada Freedom 1.3 Flex 8v Cs Plus;R$ 2.600,00;R$ 0,00;R$ 2.600,00;30;R$ 0,00
1983;28470;18/10/2021 00:00;21/10/2021 00:00;Sim;RNH0B04;Branco Banchisa;Strada Freedom 1.3 Flex 8v Cs Plus;R$ 140,00;R$ 0,00;R$ 0,00;1;
537;28642;29/10/2021 00:00;17/11/2021 00:00;Sim;QOM8381;Branca;Fiorino Hard Working;R$ 1.800,00;R$ 0,00;R$ 0,00;30;
537;28987;29/10/2021 00:00;30/11/2021 00:00;Sim;RFX5E14;Branca;STRADA ENDURANCE CS 1.4 02;R$ 1.800,00;R$ 97,35;R$ 2.017,35;30;R$ 0,00
2140;28699;29/10/2021 00:00;03/11/2021 00:00;Sim;RNZ4D02;Cinza;Gol (novo) 1.0 Mi Total Flex 8v 4p;R$ 100,00;R$ 0,00;R$ 500,00;1;R$ 0,00
2235;28696;29/10/2021 00:00;03/11/2021 00:00;Sim;RNZ4C93;Cinza;Gol (novo) 1.0 Mi Total Flex 8v 4p;R$ 130,00;R$ 0,00;R$ 650,00;1;R$ 0,00
115;28916;03/11/2021 00:00;20/12/2021 00:00;Sim;QNF9536;Prata;Versa Sl 1.6 16v Flexstart 4p Aut.;R$ 84,00;R$ 233,64;R$ 4.181,64;1;R$ 0,00
1723;28934;04/11/2021 00:00;05/11/2021 00:00;Sim;RNZ4D02;Cinza;Gol (novo) 1.0 Mi Total Flex 8v 4p;R$ 100,00;R$ 0,00;R$ 100,00;1;R$ 0,00
1863;28936;05/11/2021 00:00;08/11/2021 00:00;Sim;RNZ4D02;Cinza;Gol (novo) 1.0 Mi Total Flex 8v 4p;R$ 100,00;R$ 0,00;R$ 300,00;1;R$ 0,00
2116;28937;06/11/2021 00:00;08/11/2021 00:00;Sim;RTB7G39;Prata Sirius;Gol G7 1.6 Completo Trend Line;R$ 130,00;R$ 0,00;R$ 290,00;1;R$ 30,00
848;28957;11/11/2021 00:00;16/11/2021 00:00;Sim;RFT6C18;Branco;Hilux Cd 4x4 2.8 Diesel Mec;R$ 400,00;R$ 0,00;R$ 2.000,00;1;R$ 0,00
2239;28961;12/11/2021 00:00;18/11/2021 00:00;Sim;QWR6981;Cinza;Etios Hb Xls 1.5;R$ 140,00;R$ 0,00;R$ 840,00;1;R$ 0,00
2241;29001;19/11/2021 00:00;22/11/2021 00:00;Sim;RTC9D83;Cinza;Gol G7 1.6 Completo Trend Line;R$ 170,00;R$ 0,00;R$ 510,00;1;R$ 0,00
2015;29069;24/11/2021 00:00;27/11/2021 00:00;Sim;RTC9D83;Cinza;Gol G7 1.6 Completo Trend Line;R$ 160,00;R$ 0,00;R$ 510,00;1;R$ 30,00
2241;29083;26/11/2021 00:00;29/11/2021 00:00;Sim;RTC9D82;Cinza;Gol G7 1.6 Completo Trend Line;R$ 140,00;R$ 0,00;R$ 420,00;1;R$ 0,00
2245;29097;29/11/2021 00:00;30/11/2021 00:00;Sim;RNH0B04;Branco Banchisa;Strada Freedom 1.3 Flex 8v Cs Plus;R$ 170,00;R$ 0,00;R$ 170,00;1;R$ 0,00
2242;29004;29/11/2021 00:00;06/01/2022 00:00;Sim;QXS2F86;Branca;Hilux Cd Srva 4fd ;R$ 293,33;R$ 0,00;R$ 11.596,54;1;R$ 450,00
1924;29230;30/11/2021 00:00;01/12/2021 00:00;Sim;RNZ4C99;Prata Sirius;Gol (novo) 1.0 Mi Total Flex 8v 4p;R$ 160,00;R$ 0,00;R$ 160,00;1;R$ 0,00
2246;29353;01/12/2021 00:00;23/12/2021 00:00;Sim;RNZ4C99;Prata Sirius;Gol (novo) 1.0 Mi Total Flex 8v 4p;R$ 2.190,00;R$ 356,95;R$ 2.190,00;30;R$ 227,05
1541;29352;01/12/2021 00:00;03/12/2021 00:00;Sim;RTB7G39;Prata Sirius;Gol G7 1.6 Completo Trend Line;R$ 190,00;R$ 0,00;R$ 410,00;1;R$ 30,00
2248;29366;03/12/2021 00:00;03/01/2022 00:00;Sim;RTC9D83;Cinza;Gol G7 1.6 Completo Trend Line;R$ 2.390,00;R$ 0,00;R$ 2.469,67;30;R$ 0,00
1949;29368;04/12/2021 00:00;06/12/2021 00:00;Sim;RNZ4C96;Cinza;Gol 1.0 Flex 12v 5p;R$ 140,00;R$ 0,00;R$ 310,00;1;R$ 30,00
2247;29406;07/12/2021 00:00;10/01/2022 00:00;Sim;RTC9D79;Prata Sirius;Gol G7 1.6 Completo Trend Line;R$ 78,73;R$ 0,00;R$ 2.676,82;1;R$ 0,00
2046;29400;07/12/2021 00:00;14/12/2021 00:00;Sim;RMV8D75;Prata;Hilux Cd 4x4 2.8 Diesel Mec;R$ 300,00;R$ 0,00;R$ 2.600,00;1;R$ 500,00
1242;29419;10/12/2021 00:00;17/12/2021 00:00;Sim;QUQ9666;Branca;Doblo Essence 1.8 Flex 16v 5p;R$ 260,00;R$ 0,00;R$ 1.820,00;1;R$ 0,00
1987;29430;11/12/2021 00:00;02/02/2022 00:00;Sim;RNW9D80;Cinza;Gol 1.6 Msi Flex 8v 5p;R$ 60,00;R$ 0,00;R$ 3.180,00;1;R$ 0,00
1989;29431;12/12/2021 00:00;31/01/2022 00:00;Sim;RMR5I59;Branca;Kicks Sense 1.6v Flex. Aut;R$ 160,00;R$ 201,19;R$ 8.201,19;1;R$ 0,00
1806;29472;14/12/2021 00:00;16/12/2021 00:00;Sim;QXD1031;Cinza;Etios Platinum Sed. 1.5 Flex 16v 4p Aut.;R$ 110,00;R$ 0,00;R$ 220,00;1;R$ 0,00
1305;29486;15/12/2021 00:00;12/01/2022 00:00;Sim;RFI4A44;Cinza;Ka Se 1.0 Ha;R$ 1.700,00;R$ 0,00;R$ 1.586,67;30;R$ 0,00
1541;29546;16/12/2021 00:00;18/12/2021 00:00;Sim;RMF0A21;Cinza;Gol 1.6 Msi Flex 8v 5p;R$ 190,00;R$ 0,00;R$ 460,00;1;R$ 80,00
2253;29516;18/12/2021 00:00;04/01/2022 00:00;Sim;RFI4A41;Cinza;Ka Se 1.0 Ha;R$ 100,00;R$ 0,00;R$ 1.700,00;1;R$ 0,00
2255;29512;18/12/2021 00:00;27/01/2022 00:00;Sim;RTI3A48;Cinza;Gol 1.6 Msi Flex 8v 5p;R$ 1.800,00;R$ 0,00;R$ 2.766,67;30;R$ 200,00
2256;29521;18/12/2021 00:00;17/01/2022 00:00;Sim;QWU1064;Prata;Etios Hb Xls 1.5;R$ 2.100,00;R$ 0,00;R$ 2.100,00;30;R$ 0,00
994;29511;20/12/2021 00:00;16/01/2022 00:00;Sim;RFT6C18;Branco;Hilux Cd 4x4 2.8 Diesel Mec;R$ 8.500,00;R$ 0,00;R$ 7.650,00;30;R$ 0,00
2113;29543;20/12/2021 00:00;27/12/2021 00:00;Sim;RTI9F96;Cinza;Gol 1.6 Msi Flex 8v 5p;R$ 160,00;R$ 0,00;R$ 1.150,00;1;R$ 30,00
1774;29509;21/12/2021 00:00;25/01/2022 00:00;Sim;QXS3A06;Cinza;Spin Primier 1.8 8v Econo.Flex 5p Mec;R$ 3.000,00;R$ 0,00;R$ 3.500,00;30;R$ 0,00
2258;29573;21/12/2021 00:00;18/01/2022 00:00;Sim;RTI3A47;Cinza;Gol 1.6 Msi Flex 8v 5p;R$ 3.000,00;R$ 0,00;R$ 2.800,00;30;R$ 0,00
2260;29582;22/12/2021 00:00;03/01/2022 00:00;Sim;QWU1020;Prata;Etios Hb Xls 1.5;R$ 2.050,00;R$ 0,00;R$ 820,00;30;R$ 0,00
2262;29584;22/12/2021 00:00;30/12/2021 00:00;Sim;RTI3A46;Cinza;Gol 1.6 Msi Flex 8v 5p;R$ 160,00;R$ 0,00;R$ 1.280,00;1;R$ 0,00
2264;29588;22/12/2021 00:00;11/01/2022 00:00;Sim;RTC9D80;Cinza;Gol G7 1.6 Completo Trend Line;R$ 2.500,00;R$ 0,00;R$ 1.696,67;30;R$ 30,00
2261;29589;22/12/2021 00:00;29/12/2021 00:00;Sim;RTI3A45;Cinza;Gol 1.6 Msi Flex 8v 5p;R$ 160,00;R$ 0,00;R$ 1.120,00;1;R$ 0,00
2263;29585;22/12/2021 00:00;05/01/2022 00:00;Sim;RMF0A23;Cinza;Gol 1.6 Msi Flex 8v 5p;R$ 160,00;R$ 0,00;R$ 2.240,00;1;R$ 0,00
2104;29601;23/12/2021 00:00;24/01/2022 00:00;Sim;RFF0F38;Prata Sirius;VOYAGE 1.6 L MB5;R$ 2.240,00;R$ 0,00;R$ 2.400,00;30;R$ 10,67
2268;29603;23/12/2021 00:00;03/01/2022 00:00;Sim;RTI9F89;Prata;Spin Primier 1.8 8v Econo.Flex 5p Mec;R$ 163,64;R$ 0,00;R$ 1.830,04;1;R$ 30,00
586;29604;23/12/2021 00:00;27/12/2021 00:00;Sim;RME6J15;Prata;Gol 1.6 Msi Flex 8v 5p;R$ 120,00;R$ 0,00;R$ 480,00;1;R$ 0,00
2259;29574;23/12/2021 00:00;24/01/2022 00:00;Sim;RMY0E60;Prata;VOYAGE 1.6 L MB5;R$ 77,81;R$ 0,00;R$ 2.490,00;1;R$ 0,08
2266;29596;23/12/2021 00:00;15/01/2022 00:00;Sim;QWU1185;Cinza;Etios Hb Xls 1.5;R$ 70,00;R$ 83,49;R$ 1.731,49;1;R$ 38,00
2265;29595;23/12/2021 00:00;27/12/2021 00:00;Sim;RFI4A48;Branco;Ka Se 1.0 Ha;R$ 120,00;R$ 0,00;R$ 510,00;1;R$ 30,00
2241;29602;23/12/2021 00:00;03/01/2022 00:00;Sim;RMF0A20;Preta;Gol 1.6 Msi Flex 8v 5p;R$ 120,00;R$ 0,00;R$ 1.320,00;1;R$ 0,00
2116;29597;23/12/2021 00:00;27/12/2021 00:00;Sim;RFI4A56;Branco;Ka Se 1.0 Ha;R$ 120,00;R$ 0,00;R$ 560,00;1;R$ 80,00
2257;29572;26/12/2021 00:00;10/01/2022 00:00;Sim;QQU9615;Preta;Corolla Gli 1.8 Cvt;R$ 260,00;R$ 0,00;R$ 3.900,00;1;R$ 0,00
2269;29619;27/12/2021 00:00;06/01/2022 00:00;Sim;RNZ4C99;Prata Sirius;Gol (novo) 1.0 Mi Total Flex 8v 4p;R$ 160,00;R$ 0,00;R$ 1.600,00;1;R$ 0,00
2252;29607;27/12/2021 00:00;03/01/2022 00:00;Sim;RTI9F68;Cinza;Gol 1.6 Msi Flex 8v 5p;R$ 160,00;R$ 0,00;R$ 1.120,00;1;R$ 0,00
848;29623;27/12/2021 00:00;03/01/2022 00:00;Sim;RTH7F00;Prata;Frontier Sccd 4x4 2.3 Tb Diesel Mec.;R$ 300,00;R$ 0,00;R$ 2.100,00;1;R$ 0,00
2270;29620;27/12/2021 00:00;01/02/2022 00:00;Sim;RMR4D64;Preto;Corolla Gli 2.0;R$ 158,00;R$ 0,00;R$ 5.688,00;1;R$ 0,00
1908;29624;27/12/2021 00:00;04/01/2022 00:00;Sim;RFQ7H10;Cinza Moscou;Ka Se 1.0 Ha;R$ 128,57;R$ 258,06;R$ 1.286,63;1;R$ 0,01
2272;29635;28/12/2021 00:00;31/01/2022 00:00;Sim;RTI9F96;Cinza;Gol 1.6 Msi Flex 8v 5p;R$ 2.400,00;R$ 0,00;R$ 2.720,00;30;R$ 0,00
2273;29636;29/12/2021 00:00;15/01/2022 00:00;Sim;QWU1054;Prata;Etios Hb Xls 1.5;R$ 120,00;R$ 0,00;R$ 2.040,00;1;R$ 0,00
2275;29789;30/12/2021 00:00;03/01/2022 00:00;Sim;RFP7J81;Branca;Ka Se 1.0 Ha;R$ 120,00;R$ 0,00;R$ 480,00;1;R$ 0,00
2274;29753;30/12/2021 00:00;03/01/2022 00:00;Sim;QXU1H58;Branca;Hilux Cd Srd D4-d 4x4 3.0 Tdi Dies;R$ 500,00;R$ 0,00;R$ 2.000,00;1;R$ 0,00
2116;29775;30/12/2021 00:00;03/01/2022 00:00;Sim;RFI4A56;Branco;Ka Se 1.0 Ha;R$ 120,00;R$ 0,00;R$ 480,00;1;R$ 0,00
841;29898;03/01/2022 00:00;05/01/2022 00:00;Sim;RTI3A45;Cinza;Gol 1.6 Msi Flex 8v 5p;R$ 160,00;R$ 0,00;R$ 350,00;1;R$ 30,00
2241;29922;07/01/2022 00:00;10/01/2022 00:00;Sim;RME6J17;Prata;Gol 1.6 Msi Flex 8v 5p;R$ 140,00;R$ 0,00;R$ 420,00;1;R$ 0,00
2002;29600;10/01/2022 00:00;16/03/2022 00:00;Sim;QXD1031;Cinza;Etios Platinum Sed. 1.5 Flex 16v 4p Aut.;R$ 60,00;R$ 0,00;R$ 6.033,33;1;R$ 2.133,33
916;29937;12/01/2022 00:00;21/01/2022 00:00;Sim;RMV8D75;Prata;Hilux Cd 4x4 2.8 Diesel Mec;R$ 14.400,00;R$ 0,00;R$ 4.320,00;30;R$ 0,00
1723;29948;13/01/2022 00:00;14/01/2022 00:00;Sim;RFI4A41;Cinza;Ka Se 1.0 Ha;R$ 100,00;R$ 0,00;R$ 100,00;1;R$ 0,00
2280;29971;15/01/2022 00:00;17/01/2022 00:00;Sim;RTI3A45;Cinza;Gol 1.6 Msi Flex 8v 5p;R$ 140,00;R$ 0,00;R$ 280,00;1;R$ 0,00
1961;29972;17/01/2022 00:00;16/02/2022 00:00;Sim;RFI4A41;Cinza;Ka Se 1.0 Ha;R$ 2.300,00;R$ 0,00;R$ 2.300,00;30;R$ 0,00
2281;29975;17/01/2022 00:00;27/01/2022 00:00;Sim;QNX9112;Prata;Hilux Cd 4x4 2.8 Diesel Mec;R$ 350,00;R$ 0,00;R$ 3.850,00;1;R$ 350,00
1983;29974;17/01/2022 00:00;20/01/2022 00:00;Sim;RTI3A46;Cinza;Gol 1.6 Msi Flex 8v 5p;R$ 140,00;R$ 0,00;R$ 420,00;1;R$ 0,00
2282;30400;18/01/2022 00:00;09/02/2022 00:00;Sim;QWU1035;Cinza;Etios Hb Xls 1.5;R$ 73,35;R$ 0,00;R$ 1.615,00;1;R$ 1,30
2282;29977;18/01/2022 00:00;03/02/2022 00:00;Sim;RFI4A48;Branco;Ka Se 1.0 Ha;R$ 73,35;R$ 0,00;R$ 0,00;1;
2283;29978;18/01/2022 00:00;24/01/2022 00:00;Sim;QQH9652;Cinza;Hr-v Ex 1.8 Flexone 16v 5p Aut.;R$ 275,00;R$ 0,00;R$ 1.690,00;1;R$ 40,00
2116;29985;19/01/2022 00:00;25/01/2022 00:00;Sim;QWU1064;Prata;Etios Hb Xls 1.5;R$ 110,00;R$ 0,00;R$ 770,00;1;R$ 27,50
2113;30039;21/01/2022 00:00;31/01/2022 00:00;Sim;RTI9F68;Cinza;Gol 1.6 Msi Flex 8v 5p;R$ 160,00;R$ 0,00;R$ 1.630,00;1;R$ 30,00
2288;30080;26/01/2022 00:00;01/02/2022 00:00;Sim;RMF0A21;Cinza;Gol 1.6 Msi Flex 8v 5p;R$ 190,00;R$ 0,00;R$ 1.643,95;1;R$ 370,00
823;30427;04/02/2022 00:00;14/02/2022 00:00;Sim;RTI9F68;Cinza;Gol 1.6 Msi Flex 8v 5p;R$ 108,00;R$ 0,00;R$ 1.080,00;1;R$ 0,00
2284;30000;10/02/2022 00:00;21/02/2022 00:00;Sim;RTI3A45;Cinza;Gol 1.6 Msi Flex 8v 5p;R$ 100,00;R$ 0,00;R$ 1.150,00;1;R$ 0,00
816;30560;21/02/2022 00:00;22/03/2022 00:00;Sim;RMR4D64;Preto;Corolla Gli 2.0;R$ 3.865,99;R$ 0,00;R$ 3.737,12;30;R$ 0,00
2297;30644;25/02/2022 00:00;02/03/2022 00:00;Sim;QXS3A06;Cinza;Spin Primier 1.8 8v Econo.Flex 5p Mec;R$ 230,00;R$ 0,00;R$ 1.150,00;1;R$ 0,00
1404;30639;25/02/2022 00:00;25/02/2022 00:00;Sim;QXV1F13;Prata;Gol 1.0 Flex 12v 5p;R$ 150,00;R$ 0,00;R$ 0,00;1;
1404;30885;25/02/2022 00:00;03/03/2022 00:00;Sim;RFT6C13;Prata;Gol 1.6 Msi Flex 8v 5p;R$ 150,00;R$ 0,00;R$ 900,00;1;R$ 0,00
823;30888;03/03/2022 00:00;07/03/2022 00:00;Sim;RFT6C13;Prata;Gol 1.6 Msi Flex 8v 5p;R$ 110,00;R$ 53,13;R$ 553,13;1;R$ 60,00
823;30887;03/03/2022 00:00;03/03/2022 00:00;Sim;RME6J15;Prata;Gol 1.6 Msi Flex 8v 5p;R$ 110,00;R$ 0,00;R$ 0,00;1;
1983;30918;07/03/2022 00:00;12/03/2022 00:00;Sim;RTC9D83;Cinza;Gol G7 1.6 Completo Trend Line;R$ 140,00;R$ 0,00;R$ 760,00;1;R$ 60,00
2300;31000;18/03/2022 00:00;30/03/2022 00:00;Sim;RFT6C18;Branco;Hilux Cd 4x4 2.8 Diesel Mec;R$ 458,30;R$ 0,00;R$ 5.499,60;1;R$ 0,00
696;31024;21/03/2022 00:00;26/03/2022 00:00;Sim;RTH7F00;Prata;Frontier Sccd 4x4 2.3 Tb Diesel Mec.;R$ 450,00;R$ 75,90;R$ 2.325,90;1;R$ 0,00
235;31071;22/03/2022 00:00;16/04/2022 00:00;Sim;QQU9615;Preta;Corolla Gli 1.8 Cvt;R$ 140,00;R$ 0,00;R$ 3.500,00;1;R$ 0,00
1305;31072;23/03/2022 00:00;23/03/2022 00:00;Sim;RFP7J90;Branca;Ka Se 1.0 Ha;R$ 120,00;R$ 0,00;R$ 0,00;1;
1305;31073;23/03/2022 00:00;30/03/2022 00:00;Sim;RME6J07;Cinza;Gol 1.6 Msi Flex 8v 5p;R$ 130,00;R$ 0,00;R$ 910,00;1;R$ 0,00
1305;31466;30/03/2022 00:00;04/04/2022 00:00;Sim;RME6J07;Cinza;Gol 1.6 Msi Flex 8v 5p;R$ 130,00;R$ 0,00;R$ 650,00;1;R$ 0,00
2304;31324;01/04/2022 00:00;18/04/2022 00:00;Sim;QXD1031;Cinza;Etios Platinum Sed. 1.5 Flex 16v 4p Aut.;R$ 200,00;R$ 0,00;R$ 3.550,00;1;R$ 0,00
405;31477;13/04/2022 00:00;14/04/2022 00:00;Sim;RFF0F38;Prata Sirius;VOYAGE 1.6 L MB5;R$ 190,00;R$ 0,00;R$ 190,00;1;R$ 0,00
2116;31501;14/04/2022 00:00;18/04/2022 00:00;Sim;RFT2A86;Cinza Moscou;Ka Se 1.0 Ha;R$ 160,00;R$ 0,00;R$ 700,00;1;R$ 60,00
2306;31886;03/05/2022 00:00;03/06/2022 00:00;Sim;RMY4H27;Prata;Versa 16 Sv Cvt;R$ 125,80;R$ 0,00;R$ 3.959,80;1;R$ 60,00
2310;31945;06/05/2022 00:00;09/05/2022 00:00;Sim;RTJ8G45;Preta;Cruze Ltz 1.4 16v Turbo Flex 4p Aut.;R$ 0,01;R$ 0,00;R$ 0,03;1;R$ 0,00
2309;31941;06/05/2022 00:00;11/05/2022 00:00;Sim;RFT6C13;Prata;Gol 1.6 Msi Flex 8v 5p;R$ 162,00;R$ 0,00;R$ 810,00;1;R$ 0,00
2308;31936;06/05/2022 00:00;09/05/2022 00:00;Sim;RFT6C18;Branco;Hilux Cd 4x4 2.8 Diesel Mec;R$ 500,00;R$ 0,00;R$ 1.500,00;1;R$ 0,00
1305;32042;20/05/2022 00:00;25/05/2022 00:00;Sim;RNZ4D02;Cinza;Gol (novo) 1.0 Mi Total Flex 8v 4p;R$ 140,00;R$ 0,00;R$ 700,00;1;R$ 0,00
2314;32075;23/05/2022 00:00;30/06/2022 00:00;Sim;RUF2F60;Prata Sirius;Voyage 1.0  Flex 12v 4p;R$ 75,00;R$ 0,00;R$ 2.850,00;1;R$ 0,00
2280;32106;27/05/2022 00:00;30/05/2022 00:00;Sim;RUG0I75;Prata Sirius;Gol 1.0 Flex 12v 5p;R$ 180,00;R$ 0,00;R$ 540,00;1;R$ 0,00
2316;32110;28/05/2022 00:00;31/05/2022 00:00;Sim;RUG0I84;Prata Sirius;Gol 1.0 Flex 12v 5p;R$ 0,01;R$ 0,00;R$ 0,03;1;R$ 0,00
2323;32498;10/06/2022 00:00;13/06/2022 00:00;Sim;RUG0I79;Prata Sirius;Gol 1.0 Flex 12v 5p;R$ 190,00;R$ 0,00;R$ 842,25;1;R$ 272,25
2265;32504;10/06/2022 00:00;13/06/2022 00:00;Sim;RUG0I84;Prata Sirius;Gol 1.0 Flex 12v 5p;R$ 190,00;R$ 0,00;R$ 570,00;1;R$ 0,00
1148;32545;14/06/2022 00:00;20/06/2022 00:00;Sim;RUF0B07;Prata Sirius;Voyage 1.0  Flex 12v 4p;R$ 140,00;R$ 0,00;R$ 840,00;1;R$ 0,00
2325;32552;15/06/2022 00:00;20/06/2022 00:00;Sim;RFT6C18;Branco;Hilux Cd 4x4 2.8 Diesel Mec;R$ 500,00;R$ 0,00;R$ 2.500,00;1;R$ 0,00
2326;32566;17/06/2022 00:00;20/06/2022 00:00;Sim;RUG0I75;Prata Sirius;Gol 1.0 Flex 12v 5p;R$ 190,00;R$ 0,00;R$ 570,00;1;R$ 0,00
2326;32565;17/06/2022 00:00;17/06/2022 00:00;Sim;RUG0I84;Prata Sirius;Gol 1.0 Flex 12v 5p;R$ 1.300,00;R$ 0,00;R$ 0,00;20;
1305;32585;20/06/2022 00:00;06/07/2022 00:00;Sim;RUG7I36;Prata Sirius;Gol 1.0 Flex 12v 5p;R$ 70,00;R$ 0,00;R$ 0,00;1;
1305;32982;20/06/2022 00:00;12/07/2022 00:00;Sim;RUG7I36;Prata Sirius;Gol 1.0 Flex 12v 5p;R$ 70,00;R$ 0,00;R$ 1.540,00;1;R$ 0,00
1305;32977;20/06/2022 00:00;06/07/2022 00:00;Sim;RUG7I37;Prata Sirius;Gol 1.0 Flex 12v 5p;R$ 70,00;R$ 0,00;R$ 0,00;1;
2280;32605;24/06/2022 00:00;27/06/2022 00:00;Sim;RUF0B13;Prata Sirius;Voyage 1.0  Flex 12v 4p;R$ 180,00;R$ 0,00;R$ 540,00;1;R$ 0,00
2265;32606;24/06/2022 00:00;27/06/2022 00:00;Sim;RFJ4G55;Branco;Gol 1.0 Flex 12v 5p;R$ 180,00;R$ 0,00;R$ 600,00;1;R$ 60,00
1087;32609;26/06/2022 00:00;29/08/2022 00:00;Sim;RTJ8G45;Preta;Cruze Ltz 1.4 16v Turbo Flex 4p Aut.;R$ 135,00;R$ 0,00;R$ 8.640,00;1;R$ 0,00
1541;32646;28/06/2022 00:00;30/06/2022 00:00;Sim;RUG0I80;Prata Sirius;Gol 1.0 Flex 12v 5p;R$ 190,00;R$ 0,00;R$ 440,00;1;R$ 60,00
269;32651;29/06/2022 00:00;14/07/2022 00:00;Sim;RUF0B07;Prata Sirius;Voyage 1.0  Flex 12v 4p;R$ 80,00;R$ 0,00;R$ 1.200,00;1;R$ 0,00
1885;32652;29/06/2022 00:00;19/08/2022 00:00;Sim;RUF0B11;Prata Sirius;Voyage 1.0  Flex 12v 4p;R$ 62,00;R$ 0,00;R$ 3.162,00;1;R$ 0,00
1908;32978;06/07/2022 00:00;11/07/2022 00:00;Sim;RUG0I80;Prata Sirius;Gol 1.0 Flex 12v 5p;R$ 140,00;R$ 0,00;R$ 805,00;1;R$ 0,00
2331;32994;08/07/2022 00:00;11/07/2022 00:00;Sim;QQK1136;Prata;Gol 1.6 Msi Flex 8v 5p;R$ 190,00;R$ 212,52;R$ 842,52;1;R$ 60,00
1242;33006;08/07/2022 00:00;09/07/2022 00:00;Sim;RUF2F63;Branco;Voyage 1.0  Flex 12v 4p;R$ 190,00;R$ 0,00;R$ 190,00;1;R$ 0,00
2330;32992;08/07/2022 00:00;11/07/2022 00:00;Sim;RUF8J23;Branco;Gol 1.0 Flex 12v 5p;R$ 190,00;R$ 0,00;R$ 570,00;1;R$ 0,00
2332;32995;09/07/2022 00:00;21/07/2022 00:00;Sim;RTP4D09;Branca;Saveiro Robust 1.6 Total Flex 8v;R$ 170,00;R$ 0,00;R$ 2.040,00;1;R$ 0,00
1242;33010;11/07/2022 00:00;12/07/2022 00:00;Sim;RUJ9E76;Prata;Gol 1.0 Flex 12v 5p;R$ 190,00;R$ 0,00;R$ 190,00;1;R$ 0,00
304;33021;12/07/2022 00:00;15/07/2022 00:00;Sim;QUT0329;Branca;Fiorino Furgão 1.4 Flex;R$ 210,00;R$ 0,00;R$ 903,05;1;R$ 0,00
1541;33042;14/07/2022 00:00;19/07/2022 00:00;Sim;RUJ9E77;Branco;Gol 1.0 Flex 12v 5p;R$ 190,00;R$ 0,00;R$ 950,00;1;R$ 0,00
2334;33058;15/07/2022 00:00;18/07/2022 00:00;Sim;RFX5E14;Branca;STRADA ENDURANCE CS 1.4 02;R$ 240,00;R$ 0,00;R$ 720,00;1;R$ 0,00
2336;33065;18/07/2022 00:00;19/07/2022 00:00;Sim;RUJ9E72;Prata;Gol 1.0 Flex 12v 5p;R$ 190,00;R$ 0,00;R$ 190,00;1;R$ 0,00
340;33071;19/07/2022 00:00;21/07/2022 00:00;Sim;RUG0I75;Prata Sirius;Gol 1.0 Flex 12v 5p;R$ 150,00;R$ 0,00;R$ 300,00;1;R$ 0,00
1305;33073;19/07/2022 00:00;02/08/2022 00:00;Sim;RUJ9E77;Branco;Gol 1.0 Flex 12v 5p;R$ 70,00;R$ 0,00;R$ 1.710,00;1;R$ 730,00
1268;33063;20/07/2022 00:00;26/07/2022 00:00;Sim;RUN3A37;Prata;Gol 1.0 Flex 12v 5p;R$ 150,00;R$ 0,00;R$ 900,00;1;R$ 0,00
1845;33094;21/07/2022 00:00;15/08/2022 00:00;Sim;RUG0I75;Prata Sirius;Gol 1.0 Flex 12v 5p;R$ 2.790,00;R$ 0,00;R$ 2.325,00;30;R$ 0,00
2337;33089;21/07/2022 00:00;25/07/2022 00:00;Sim;RUJ9E78;Prata;Gol 1.0 Flex 12v 5p;R$ 140,00;R$ 0,00;R$ 560,00;1;R$ 0,00
2338;33095;22/07/2022 00:00;15/08/2022 00:00;Sim;RUG0I79;Prata Sirius;Gol 1.0 Flex 12v 5p;R$ 2.790,00;R$ 0,00;R$ 2.301,75;30;R$ 0,00
2342;33400;22/07/2022 00:00;15/08/2022 00:00;Sim;RML0C55;Prata;Gol 1.6 Msi Flex 8v 5p;R$ 93,00;R$ 0,00;R$ 2.292,00;1;R$ 60,00
2116;33117;23/07/2022 00:00;26/07/2022 00:00;Sim;RUN3A36;Prata;Gol 1.0 Flex 12v 5p;R$ 190,00;R$ 0,00;R$ 570,00;1;R$ 0,00
2343;33159;26/07/2022 00:00;15/08/2022 00:00;Sim;RUL0F35;Branca;S10 Pick-up Ltz Dd4 A;R$ 256,66;R$ 0,00;R$ 5.133,20;1;R$ 0,00
360;33148;26/07/2022 00:00;02/08/2022 00:00;Sim;QPC0362;Prata;Doblo Essence 1.8 Flex 16v 5p;R$ 0,01;R$ 0,00;R$ 0,00;30;R$ 0,00
2341;33139;26/07/2022 00:00;01/08/2022 00:00;Sim;RTE1C31;Prata;Spin Econoflex 18 Premier 2022;R$ 280,00;R$ 0,00;R$ 1.740,00;1;R$ 60,00
521;33149;26/07/2022 00:00;25/08/2022 00:00;Sim;RUF0B07;Prata Sirius;Voyage 1.0  Flex 12v 4p;R$ 2.790,00;R$ 0,00;R$ 2.790,00;30;R$ 0,00
2344;33168;27/07/2022 00:00;26/08/2022 00:00;Sim;RUJ9E73;Branco;Gol 1.0 Flex 12v 5p;R$ 2.300,00;R$ 0,00;R$ 2.300,00;30;R$ 0,00
2346;33177;28/07/2022 00:00;28/07/2022 00:00;Sim;RUF8J21;Prata Sirius;Gol 1.0 Flex 12v 5p;R$ 2.790,00;R$ 0,00;R$ 0,00;30;
2346;33570;28/07/2022 00:00;15/08/2022 00:00;Sim;RUF8J21;Prata Sirius;Gol 1.0 Flex 12v 5p;R$ 2.790,00;R$ 0,00;R$ 1.751,50;30;R$ 0,00
1666;33181;28/07/2022 00:00;07/08/2022 00:00;Sim;RMO6H54;Branco;Gol 1.6 Msi Flex 8v 5p;R$ 200,00;R$ 0,00;R$ 2.000,00;1;R$ 0,00
2347;33178;28/07/2022 00:00;08/08/2022 00:00;Sim;RUG7I38;Prata Sirius;Gol 1.0 Flex 12v 5p;R$ 190,00;R$ 0,00;R$ 2.090,00;1;R$ 0,00
2348;33329;30/07/2022 00:00;09/08/2022 00:00;Sim;RUJ7H08;Branca;S10 Pick-up Ltz Dd4 A;R$ 450,00;R$ 0,00;R$ 4.500,00;1;R$ 0,00
2119;33330;30/07/2022 00:00;01/08/2022 00:00;Sim;RNZ4C99;Prata Sirius;Gol (novo) 1.0 Mi Total Flex 8v 4p;R$ 190,00;R$ 0,00;R$ 440,00;1;R$ 60,00
2349;33412;01/08/2022 00:00;30/08/2022 00:00;Sim;RUF0B15;Prata Sirius;Voyage 1.0  Flex 12v 4p;R$ 2.945,00;R$ 0,00;R$ 2.850,00;30;R$ 3,07
1541;33417;02/08/2022 00:00;04/08/2022 00:00;Sim;RUN3A37;Prata;Gol 1.0 Flex 12v 5p;R$ 190,00;R$ 0,00;R$ 440,00;1;R$ 60,00
2257;33415;02/08/2022 00:00;03/08/2022 00:00;Sim;RUF2F64;Branco;Voyage 1.0  Flex 12v 4p;R$ 190,00;R$ 0,00;R$ 190,00;1;R$ 0,00
2352;33420;03/08/2022 00:00;15/08/2022 00:00;Sim;RUJ9E76;Prata;Gol 1.0 Flex 12v 5p;R$ 2.790,00;R$ 0,00;R$ 1.209,00;30;R$ 0,00
2351;33419;03/08/2022 00:00;31/08/2022 00:00;Sim;RNZ4C99;Prata Sirius;Gol (novo) 1.0 Mi Total Flex 8v 4p;R$ 2.600,00;R$ 0,00;R$ 2.426,76;30;R$ 0,00
2354;33422;03/08/2022 00:00;15/08/2022 00:00;Sim;RTB7G42;Cinza;Gol (novo) 1.0 Mi Total Flex 8v 4p;R$ 2.790,00;R$ 0,00;R$ 1.209,00;30;R$ 0,00
2357;33548;04/08/2022 00:00;15/08/2022 00:00;Sim;RUJ9E78;Prata;Gol 1.0 Flex 12v 5p;R$ 2.790,00;R$ 0,00;R$ 1.023,00;30;R$ 0,00
2355;33515;04/08/2022 00:00;15/08/2022 00:00;Sim;RUG0I80;Prata Sirius;Gol 1.0 Flex 12v 5p;R$ 2.790,00;R$ 0,00;R$ 1.116,00;30;R$ 0,00
2356;33550;05/08/2022 00:00;04/09/2022 00:00;Sim;RMO0G77;Branca;Toro Endurance Atd4;R$ 6.800,00;R$ 0,00;R$ 6.800,00;30;R$ 0,00
2280;33554;06/08/2022 00:00;08/08/2022 00:00;Sim;RUF0B04;Prata Sirius;Voyage 1.0  Flex 12v 4p;R$ 190,00;R$ 0,00;R$ 380,00;1;R$ 0,00
1666;33567;07/08/2022 00:00;18/08/2022 00:00;Sim;RMO6H54;Branco;Gol 1.6 Msi Flex 8v 5p;R$ 200,00;R$ 0,00;R$ 2.200,00;1;R$ 0,00
1305;33556;08/08/2022 00:00;12/08/2022 00:00;Sim;RUJ9E77;Branco;Gol 1.0 Flex 12v 5p;R$ 190,00;R$ 0,00;R$ 760,00;1;R$ 0,00
2358;33564;09/08/2022 00:00;15/08/2022 00:00;Sim;RUF0B06;Branco;Voyage 1.0  Flex 12v 4p;R$ 2.790,00;R$ 0,00;R$ 651,00;30;R$ 0,00
2304;33571;10/08/2022 00:00;16/08/2022 00:00;Sim;QQU2457;Preta;Corolla Gli 1.8 Cvt;R$ 380,00;R$ 0,00;R$ 2.530,00;1;R$ 60,00
1541;33576;12/08/2022 00:00;15/08/2022 00:00;Sim;RUF0B14;Prata Sirius;Voyage 1.0  Flex 12v 4p;R$ 2.790,00;R$ 0,00;R$ 372,00;30;R$ 0,00
576;33592;12/08/2022 00:00;15/08/2022 00:00;Sim;RFT6C18;Branco;Hilux Cd 4x4 2.8 Diesel Mec;R$ 317,00;R$ 0,00;R$ 951,00;1;R$ 0,00
1845;34142;16/08/2022 00:00;30/09/2022 00:00;Sim;RUG0I75;Prata Sirius;Gol 1.0 Flex 12v 5p;R$ 122,80;R$ 0,00;R$ 5.526,00;1;R$ 0,00
1305;33598;17/08/2022 00:00;31/08/2022 00:00;Sim;RUJ9E77;Branco;Gol 1.0 Flex 12v 5p;R$ 2.300,00;R$ 0,00;R$ 1.073,38;30;R$ 0,00
1666;33600;18/08/2022 00:00;22/08/2022 00:00;Sim;RMO6H54;Branco;Gol 1.6 Msi Flex 8v 5p;R$ 200,00;R$ 0,00;R$ 800,00;1;R$ 0,00
2367;33605;18/08/2022 00:00;18/08/2022 00:00;Sim;RUJ7H08;Branca;S10 Pick-up Ltz Dd4 A;R$ 4.200,00;R$ 0,00;R$ 0,00;30;
2367;33606;18/08/2022 00:00;17/09/2022 00:00;Sim;RUT2C77;Cinza;T-cross Highline 1.4 Tsi Flex 16v 5p Aut;R$ 4.200,00;R$ 0,00;R$ 4.200,00;30;R$ 0,00
1418;33619;19/08/2022 00:00;19/08/2022 00:00;Sim;RNU9C02;Prata;L200 Triton. Outd. Glx 2.4 Cd 4x4 Die. Mec;R$ 0,01;R$ 0,00;R$ 0,01;1;R$ 0,00
1666;33642;23/08/2022 00:00;30/08/2022 00:00;Sim;RMO6H54;Branco;Gol 1.6 Msi Flex 8v 5p;R$ 200,00;R$ 0,00;R$ 1.400,00;1;R$ 0,00
2374;33716;27/08/2022 00:00;15/10/2022 00:00;Sim;QQU2457;Preta;Corolla Gli 1.8 Cvt;R$ 166,00;R$ 0,00;R$ 8.134,00;1;R$ 0,00
1810;34253;27/08/2022 00:00;24/09/2022 00:00;Sim;QXR2D26;Branca;Toro Volcano At;R$ 250,00;R$ 0,00;R$ 7.000,00;1;R$ 0,00
2344;34052;27/08/2022 00:00;07/10/2022 00:00;Sim;RUJ9E73;Branco;Gol 1.0 Flex 12v 5p;R$ 76,67;R$ 0,00;R$ 3.748,72;1;R$ 0,00
1666;33730;30/08/2022 00:00;04/10/2022 00:00;Sim;RMO6H54;Branco;Gol 1.6 Msi Flex 8v 5p;R$ 115,77;R$ 0,00;R$ 4.080,89;1;R$ 0,00
2378;34056;01/09/2022 00:00;20/09/2022 00:00;Sim;QQQ3845;Preta;Fusion Titgtdiawd  Aut.;R$ 5.900,00;R$ 0,00;R$ 0,00;30;
2378;34217;01/09/2022 00:00;04/10/2022 00:00;Sim;RTJ8G45;Preta;Cruze Ltz 1.4 16v Turbo Flex 4p Aut.;R$ 5.900,00;R$ 0,00;R$ 6.539,18;30;R$ 0,00
1305;34071;08/09/2022 00:00;09/09/2022 00:00;Sim;QQK1136;Prata;Gol 1.6 Msi Flex 8v 5p;R$ 190,00;R$ 0,00;R$ 190,00;1;R$ 0,00
2379;34076;08/09/2022 00:00;08/09/2022 00:00;Sim;RNU0A79;Prata Sirius;Gol (novo) 1.0 Mi Total Flex 8v 4p;R$ 0,01;R$ 0,00;R$ 0,00;30;R$ 0,00
1305;34118;10/09/2022 00:00;20/09/2022 00:00;Sim;QQK1136;Prata;Gol 1.6 Msi Flex 8v 5p;R$ 150,00;R$ 0,00;R$ 1.500,00;1;R$ 0,00
2367;34282;17/09/2022 00:00;17/10/2022 00:00;Sim;RUT2C77;Cinza;T-cross Highline 1.4 Tsi Flex 16v 5p Aut;R$ 4.200,00;R$ 0,00;R$ 4.200,00;30;R$ 0,00
2381;34157;17/09/2022 00:00;15/10/2022 00:00;Sim;RUF0B15;Prata Sirius;Voyage 1.0  Flex 12v 4p;R$ 71,43;R$ 0,00;R$ 2.000,04;1;R$ 0,00
537;34218;20/09/2022 00:00;15/12/2022 00:00;Sim;QXR2D27;Branca;Strada Hd Wk Cce;R$ 0,00;R$ 0,00;R$ 0,00;1;R$ 0,00
2385;34234;21/09/2022 00:00;03/10/2022 00:00;Sim;RMF0A27;Prata;Gol 1.6 Msi Flex 8v 5p;R$ 100,00;R$ 0,00;R$ 1.200,00;1;R$ 0,00
1845;34720;30/09/2022 00:00;01/11/2022 00:00;Sim;RUG0I75;Prata Sirius;Gol 1.0 Flex 12v 5p;R$ 102,62;R$ 0,00;R$ 3.283,84;1;R$ 0,00
2342;34743;01/10/2022 00:00;16/11/2022 00:00;Sim;RML0C55;Prata;Gol 1.6 Msi Flex 8v 5p;R$ 93,00;R$ 212,52;R$ 4.568,02;1;R$ 0,00
335;35067;03/10/2022 00:00;31/10/2022 00:00;Sim;RUL0F36;Preta;S10 Pick-up Ltz Dd4 A;R$ 8.100,00;R$ 0,00;R$ 7.830,00;30;R$ 0,00
2407;35073;04/10/2022 00:00;03/11/2022 00:00;Sim;RUF2F66;Branco;Voyage 1.0  Flex 12v 4p;R$ 2.790,00;R$ 0,00;R$ 2.790,00;30;R$ 0,00
1566;34581;04/10/2022 00:00;04/12/2022 00:00;Sim;RUJ9E78;Prata;Gol 1.0 Flex 12v 5p;R$ 74,76;R$ 0,00;R$ 4.560,36;1;R$ 0,00
2390;34588;06/10/2022 00:00;08/10/2022 00:00;Sim;QQZ9775;Branca;Frontier Sccd 4x4 2.3 Tb Diesel Mec.;R$ 500,00;R$ 0,00;R$ 1.275,12;1;R$ 0,00
2280;34592;07/10/2022 00:00;10/10/2022 00:00;Sim;RUF0B07;Prata Sirius;Voyage 1.0  Flex 12v 4p;R$ 150,00;R$ 0,00;R$ 450,00;1;R$ 0,00
2391;34594;07/10/2022 00:00;08/11/2022 00:00;Sim;RVD7B29;Branca;Saveiro Robust 1.6 Total Flex 8v;R$ 3.290,00;R$ 0,00;R$ 4.448,59;30;R$ 0,00
2392;34595;08/10/2022 00:00;03/11/2022 00:00;Sim;RUL0F35;Branca;S10 Pick-up Ltz Dd4 A;R$ 8.200,00;R$ 0,00;R$ 7.206,58;30;R$ 100,00
2394;34624;11/10/2022 00:00;17/10/2022 00:00;Sim;RTI9F90;Branca;Spin Primier 1.8 8v Econo.Flex 5p Mec;R$ 260,00;R$ 0,00;R$ 1.620,00;1;R$ 60,00
2239;34621;11/10/2022 00:00;19/10/2022 00:00;Sim;QWU2947;Prata;Etios Hb Xls 1.5;R$ 170,00;R$ 0,00;R$ 1.360,00;1;R$ 0,00
2393;34622;11/10/2022 00:00;17/10/2022 00:00;Sim;RTI9F91;Branca;Spin Primier 1.8 8v Econo.Flex 5p Mec;R$ 280,00;R$ 0,00;R$ 1.680,00;1;R$ 0,00
2398;34659;17/10/2022 00:00;28/10/2022 00:00;Sim;QXV1F11;Branca;Strada Hd Wk Cce;R$ 145,46;R$ 0,00;R$ 1.600,06;1;R$ 0,00
2367;34669;17/10/2022 00:00;01/11/2022 00:00;Sim;RUT2C77;Cinza;T-cross Highline 1.4 Tsi Flex 16v 5p Aut;R$ 135,00;R$ 0,00;R$ 2.092,50;1;R$ 0,00
2397;34658;17/10/2022 00:00;28/10/2022 00:00;Sim;RTI9F91;Branca;Spin Primier 1.8 8v Econo.Flex 5p Mec;R$ 7.200,00;R$ 0,00;R$ 2.640,00;30;R$ 0,00
2399;34677;19/10/2022 00:00;22/11/2022 00:00;Sim;RTB7G42;Cinza;Gol (novo) 1.0 Mi Total Flex 8v 4p;R$ 93,00;R$ 0,00;R$ 3.162,00;1;R$ 0,00
2401;34681;20/10/2022 00:00;01/11/2022 00:00;Sim;RVD7B30;Branca;Saveiro Robust 1.6 Total Flex 8v;R$ 210,00;R$ 0,00;R$ 2.520,00;1;R$ 0,00
2401;34680;20/10/2022 00:00;01/11/2022 00:00;Sim;RVD7B33;Branca;Saveiro Robust 1.6 Total Flex 8v;R$ 210,00;R$ 0,00;R$ 2.520,00;1;R$ 0,00
2403;34690;21/10/2022 00:00;22/10/2022 00:00;Sim;RTI9F90;Branca;Spin Primier 1.8 8v Econo.Flex 5p Mec;R$ 0,00;R$ 0,00;R$ 0,00;1;R$ 0,00
2324;34709;24/10/2022 00:00;27/10/2022 00:00;Sim;RMR4D64;Preto;Corolla Gli 2.0;R$ 0,01;R$ 0,00;R$ 0,04;1;R$ 0,00
2407;35080;04/11/2022 00:00;04/12/2022 00:00;Sim;RUF2F66;Branco;Voyage 1.0  Flex 12v 4p;R$ 2.790,00;R$ 0,00;R$ 2.790,00;30;R$ 0,00
1404;35090;09/11/2022 00:00;21/11/2022 00:00;Sim;RTJ8G45;Preta;Cruze Ltz 1.4 16v Turbo Flex 4p Aut.;R$ 0,01;R$ 0,00;R$ 0,12;1;R$ 0,00
1844;35098;11/11/2022 00:00;14/11/2022 00:00;Sim;RVD7B33;Branca;Saveiro Robust 1.6 Total Flex 8v;R$ 290,00;R$ 0,00;R$ 870,00;1;R$ 0,00
2408;35102;12/11/2022 00:00;14/11/2022 00:00;Sim;RTI9F89;Prata;Spin Primier 1.8 8v Econo.Flex 5p Mec;R$ 280,00;R$ 0,00;R$ 560,00;1;R$ 0,00
2410;35114;14/11/2022 00:00;14/11/2022 00:00;Sim;RVD7B33;Branca;Saveiro Robust 1.6 Total Flex 8v;R$ 290,00;R$ 0,00;R$ 290,00;1;R$ 0,00
2226;35118;16/11/2022 00:00;19/11/2022 00:00;Sim;QQU2457;Preta;Corolla Gli 1.8 Cvt;R$ 10.500,00;R$ 0,00;R$ 1.050,00;30;R$ 0,00
2414;35172;28/11/2022 00:00;14/12/2022 00:00;Sim;RUG0I79;Prata Sirius;Gol 1.0 Flex 12v 5p;R$ 60,00;R$ 0,00;R$ 960,00;1;R$ 0,00
2242;35178;30/11/2022 00:00;31/01/2023 00:00;Sim;RMO0G75;Prata;Toro Endurance Atd4;R$ 5.978,55;R$ 0,00;R$ 12.500,01;30;R$ 0,00
1566;35884;04/12/2022 00:00;02/02/2023 00:00;Sim;RUJ9E78;Prata;Gol 1.0 Flex 12v 5p;R$ 74,69;R$ 0,00;R$ 4.500,07;1;R$ 0,00
2416;35514;10/12/2022 00:00;12/12/2022 00:00;Sim;RVD7B33;Branca;Saveiro Robust 1.6 Total Flex 8v;R$ 240,00;R$ 0,00;R$ 480,00;1;R$ 0,00
1885;35531;14/12/2022 00:00;19/01/2023 00:00;Sim;RUL0F35;Branca;S10 Pick-up Ltz Dd4 A;R$ 7.238,50;R$ 0,00;R$ 8.999,57;30;R$ 0,00
2420;35550;19/12/2022 00:00;20/12/2022 00:00;Sim;RUF8J24;Prata Sirius;Gol 1.0 Flex 12v 5p;R$ 190,00;R$ 0,00;R$ 190,00;1;R$ 0,00
1425;35561;19/12/2022 00:00;31/12/2022 00:00;Sim;QQU2457;Preta;Corolla Gli 1.8 Cvt;R$ 3.000,00;R$ 0,00;R$ 1.266,67;30;R$ 0,00
2422;35597;22/12/2022 00:00;23/01/2023 00:00;Sim;RUF0B09;Branco;Voyage 1.0  Flex 12v 4p;R$ 83,00;R$ 0,00;R$ 2.996,00;1;R$ 340,00
2419;35607;23/12/2022 00:00;02/01/2023 00:00;Sim;RTE1C31;Prata;Spin Econoflex 18 Premier 2022;R$ 228,29;R$ 0,00;R$ 2.489,97;1;R$ 150,00
2280;35609;23/12/2022 00:00;26/12/2022 00:00;Sim;RUF2F64;Branco;Voyage 1.0  Flex 12v 4p;R$ 190,00;R$ 0,00;R$ 570,00;1;R$ 0,00
2410;35560;23/12/2022 00:00;26/12/2022 00:00;Sim;RUG0I79;Prata Sirius;Gol 1.0 Flex 12v 5p;R$ 190,00;R$ 0,00;R$ 630,00;1;R$ 60,00
2116;35610;23/12/2022 00:00;27/12/2022 00:00;Sim;RUG0I83;Branco;Gol 1.0 Flex 12v 5p;R$ 170,00;R$ 0,00;R$ 680,00;1;R$ 0,00
2424;35614;26/12/2022 00:00;31/12/2022 00:00;Sim;RUF0B13;Prata Sirius;Voyage 1.0  Flex 12v 4p;R$ 170,00;R$ 0,00;R$ 0,00;1;
2424;35839;26/12/2022 00:00;02/01/2023 00:00;Sim;RUF0B15;Prata Sirius;Voyage 1.0  Flex 12v 4p;R$ 170,00;R$ 0,00;R$ 1.280,00;1;R$ 90,00
2421;35641;27/12/2022 00:00;09/01/2023 00:00;Sim;RFR5D77;Branca;Doblo Essence 1.8 Flex 16v 5p;R$ 240,00;R$ 0,00;R$ 3.200,00;1;R$ 80,00
2426;35640;27/12/2022 00:00;05/01/2023 00:00;Sim;RUF0B16;Branco;Voyage 1.0  Flex 12v 4p;R$ 140,00;R$ 0,00;R$ 1.260,00;1;R$ 0,00
2425;35639;27/12/2022 00:00;30/01/2023 00:00;Sim;RTJ8G45;Preta;Cruze Ltz 1.4 16v Turbo Flex 4p Aut.;R$ 4.900,00;R$ 0,00;R$ 5.553,32;30;R$ 0,00
2427;35652;29/12/2022 00:00;02/01/2023 00:00;Sim;RUF2F64;Branco;Voyage 1.0  Flex 12v 4p;R$ 170,00;R$ 0,00;R$ 780,00;1;R$ 100,00
2427;35653;29/12/2022 00:00;02/01/2023 00:00;Sim;RUF8J24;Prata Sirius;Gol 1.0 Flex 12v 5p;R$ 170,00;R$ 0,00;R$ 780,00;1;R$ 100,00
2429;35887;04/01/2023 00:00;05/01/2023 00:00;Sim;RTE1C31;Prata;Spin Econoflex 18 Premier 2022;R$ 280,00;R$ 0,00;R$ 280,00;1;R$ 0,00
1808;35897;05/01/2023 00:00;31/01/2023 00:00;Sim;RFT6C18;Branco;Hilux Cd 4x4 2.8 Diesel Mec;R$ 7.289,80;R$ 0,00;R$ 6.500,00;30;R$ 0,01
2433;35934;09/01/2023 00:00;19/01/2023 00:00;Sim;RMY0A60;Prata;VOYAGE 1.6 L MB5;R$ 116,13;R$ 0,00;R$ 1.200,01;1;R$ 0,00
1383;35939;10/01/2023 00:00;19/01/2023 00:00;Sim;RUF8J24;Prata Sirius;Gol 1.0 Flex 12v 5p;R$ 133,33;R$ 0,00;R$ 1.199,97;1;R$ 0,00
1541;35971;13/01/2023 00:00;13/01/2023 00:00;Sim;RMY0E62;Prata;VOYAGE 1.6 L MB5;R$ 190,00;R$ 0,00;R$ 190,00;1;R$ 0,00
2432;35981;14/01/2023 00:00;23/01/2023 00:00;Sim;RTE1C31;Prata;Spin Econoflex 18 Premier 2022;R$ 250,71;R$ 0,00;R$ 2.339,96;1;R$ 0,00
2437;36008;19/01/2023 00:00;23/01/2023 00:00;Sim;RMO0G66;Branca;Spin Primier 1.8 8v Econo.Flex 5p Mec;R$ 280,00;R$ 0,00;R$ 1.165,50;1;R$ 0,00
2439;36014;20/01/2023 00:00;23/01/2023 00:00;Sim;QWZ0014;Branca;Amarok V6 High Ac4;R$ 260,00;R$ 0,00;R$ 0,00;1;
2439;36466;20/01/2023 00:00;27/02/2023 00:00;Sim;RUL0F35;Branca;S10 Pick-up Ltz Dd4 A;R$ 253,16;R$ 0,00;R$ 9.620,08;1;R$ 0,00
2434;36015;20/01/2023 00:00;25/01/2023 00:00;Sim;RTI9F93;Branca;Spin Primier 1.8 8v Econo.Flex 5p Mec;R$ 333,00;R$ 0,00;R$ 1.665,00;1;R$ 0,00
2440;36028;23/01/2023 00:00;25/01/2023 00:00;Sim;RUJ9E77;Branco;Gol 1.0 Flex 12v 5p;R$ 190,00;R$ 0,00;R$ 453,15;1;R$ 0,00
1721;36041;26/01/2023 00:00;31/01/2023 00:00;Sim;RMR4D64;Preto;Corolla Gli 2.0;R$ 380,00;R$ 0,00;R$ 2.090,00;1;R$ 0,00
1105;36368;08/02/2023 00:00;10/02/2023 00:00;Sim;RUF8J24;Prata Sirius;Gol 1.0 Flex 12v 5p;R$ 124,13;R$ 0,00;R$ 300,00;1;R$ 0,02
1404;36380;09/02/2023 00:00;14/02/2023 00:00;Sim;RTB7G39;Prata Sirius;Gol G7 1.6 Completo Trend Line;R$ 190,00;R$ 212,52;R$ 1.162,52;1;R$ 0,00
2457;36394;11/02/2023 00:00;16/02/2023 00:00;Sim;RUG0I82;Prata Sirius;Gol 1.0 Flex 12v 5p;R$ 190,00;R$ 0,00;R$ 950,00;1;R$ 0,00
2463;36415;17/02/2023 00:00;23/02/2023 00:00;Sim;RUF8J24;Prata Sirius;Gol 1.0 Flex 12v 5p;R$ 190,00;R$ 0,00;R$ 1.140,00;1;R$ 0,00
2462;36416;17/02/2023 00:00;22/02/2023 00:00;Sim;RUF2F60;Prata Sirius;Voyage 1.0  Flex 12v 4p;R$ 190,00;R$ 0,00;R$ 1.029,17;1;R$ 0,00
2457;36438;23/02/2023 00:00;24/02/2023 00:00;Sim;RMF0A23;Cinza;Gol 1.6 Msi Flex 8v 5p;R$ 190,00;R$ 0,00;R$ 190,00;1;R$ 0,00
2451;36442;24/02/2023 00:00;28/02/2023 00:00;Sim;RMY0A62;Cinza;Voyage 1.6 Af5;R$ 168,00;R$ 0,00;R$ 840,00;1;R$ 0,00
2466;36566;28/02/2023 00:00;30/03/2023 00:00;Sim;QPY8529;Branca;Fiorino Hard Working;R$ 2.290,00;R$ 0,00;R$ 2.290,00;30;R$ 0,00
2465;36467;28/02/2023 00:00;01/03/2023 00:00;Sim;QUL7866;Branca;Strada Hd Wk Cce;R$ 240,00;R$ 0,00;R$ 240,00;1;R$ 0,00
1541;36787;06/03/2023 00:00;08/03/2023 00:00;Sim;RMY0E62;Prata;VOYAGE 1.6 L MB5;R$ 190,00;R$ 0,00;R$ 480,00;1;R$ 100,00
2472;36831;16/03/2023 00:00;21/03/2023 00:00;Sim;RTI9F89;Prata;Spin Primier 1.8 8v Econo.Flex 5p Mec;R$ 280,00;R$ 0,00;R$ 1.561,20;1;R$ 0,00
1242;36840;17/03/2023 00:00;20/03/2023 00:00;Sim;RMD5B18;Branca;Frontier Xe At 4x4 2.3 Diesel;R$ 500,00;R$ 0,00;R$ 1.500,00;1;R$ 0,00
2473;36841;18/03/2023 00:00;27/03/2023 00:00;Sim;RMU7D26;Branca;Toro Endurance 1.8 Mt5;R$ 218,00;R$ 0,00;R$ 2.107,33;1;R$ 0,00
1541;36866;22/03/2023 00:00;22/03/2023 00:00;Sim;RUF0B06;Branco;Voyage 1.0  Flex 12v 4p;R$ 190,00;R$ 0,00;R$ 190,00;1;R$ 0,00
2266;36869;22/03/2023 13:20;14/04/2023 00:00;Não;RNZ4C91;Prata Sirius;Gol 1.0 Flex 12v 5p;R$ 120,00;R$ 0,00;R$ 0,00;1;
2477;36893;27/03/2023 00:00;31/03/2023 00:00;Sim;RGA5J84;Prata;STRADA ENDURANCE CS 1.4 02;R$ 209,45;R$ 0,00;R$ 959,98;1;R$ 0,00
1541;36909;28/03/2023 00:00;29/03/2023 00:00;Sim;RMY0E62;Prata;VOYAGE 1.6 L MB5;R$ 190,00;R$ 0,00;R$ 190,00;1;R$ 0,00
2466;37081;30/03/2023 15:55;29/04/2023 00:00;Não;QPY8529;Branca;Fiorino Hard Working;R$ 2.290,00;R$ 0,00;R$ 0,00;30;
2478;37156;03/04/2023 00:00;04/04/2023 00:00;Sim;RTP4D10;Branca;Saveiro Robust 1.6 Total Flex 8v;R$ 240,00;R$ 0,00;R$ 240,00;1;R$ 0,00
2479;37217;04/04/2023 00:00;10/04/2023 00:00;Sim;RTE1C31;Prata;Spin Econoflex 18 Premier 2022;R$ 280,00;R$ 0,00;R$ 1.680,00;1;R$ 0,00
2325;37220;05/04/2023 00:00;10/04/2023 00:00;Sim;RMD5B18;Branca;Frontier Xe At 4x4 2.3 Diesel;R$ 500,00;R$ 0,00;R$ 3.072,80;1;R$ 250,00
2480;37221;05/04/2023 00:00;10/04/2023 00:00;Sim;RTI9F89;Prata;Spin Primier 1.8 8v Econo.Flex 5p Mec;R$ 280,00;R$ 0,00;R$ 1.800,00;1;R$ 400,00
2283;37243;05/04/2023 16:44;11/04/2023 00:00;Sim;RNZ7J08;Preto;Corolla Cross Xre 2.0 16v. Flex Aut.;R$ 300,00;R$ 0,00;R$ 1.870,00;1;R$ 70,00
2392;37245;05/04/2023 17:17;16/04/2023 00:00;Não;QWY6223;Branca;Toro Endurance Atd4;R$ 363,63;R$ 0,00;R$ 0,00;1;
235;37244;06/04/2023 00:00;19/04/2023 00:00;Não;RUL0F35;Branca;S10 Pick-up Ltz Dd4 A;R$ 270,00;R$ 0,00;R$ 0,00;1;
2280;37288;14/04/2023 16:37;17/04/2023 00:00;Sim;RUF2F65;Branco;Voyage 1.0  Flex 12v 4p;R$ 190,00;R$ 0,00;R$ 570,00;1;R$ 0,00
2487;37290;15/04/2023 00:00;22/04/2023 00:00;Não;RTI9F95;Branca;Spin Primier 1.8 8v Econo.Flex 5p Mec;R$ 260,00;R$ 0,00;R$ 0,00;1;
1493;37294;18/04/2023 00:00;18/05/2023 00:00;Não;RTJ8G45;Preta;Cruze Ltz 1.4 16v Turbo Flex 4p Aut.;R$ 160,00;R$ 0,00;R$ 0,00;1;
;;;;;;;;;;;;
;;;;;;;;;;;;
;;;;;;;;;;;;
;;;;;;;;;;;;
;;;;;;;;;;;;
;;;;;;;;;;;;
;;;;;;;;;;;;
;;;;;;;;;;;;
;;;;;;;;;;;;
;;;;;;;;;;;;
;;;;;;;;;;;;
;;;;;;;;;;;;
;;;;;;;;;;;;
;;;;;;;;;;;;
;;;;;;;;;;;;
;;;;;;;;;;;;
;;;;;;;;;;;;
;;;;;;;;;;;;
;;;;;;;;;;;;
;;;;;;;;;;;;
;;;;;;;;;;;;
;;;;;;;;;;;;
;;;;;;;;;;;;
;;;;;;;;;;;;
;;;;;;;;;;;;
;;;;;;;;;;;;
;;;;;;;;;;;;
;;;;;;;;;;;;
;;;;;;;;;;;;
;;;;;;;;;;;;
;;;;;;;;;;;;
;;;;;;;;;;;;
;;;;;;;;;;;;
;;;;;;;;;;;;
;;;;;;;;;;;;
;;;;;;;;;;;;
;;;;;;;;;;;;
;;;;;;;;;;;;
;;;;;;;;;;;;
;;;;;;;;;;;;
;;;;;;;;;;;;
;;;;;;;;;;;;
;;;;;;;;;;;;
;;;;;;;;;;;;
;;;;;;;;;;;;
;;;;;;;;;;;;
;;;;;;;;;;;;
;;;;;;;;;;;;
;;;;;;;;;;;;
;;;;;;;;;;;;
;;;;;;;;;;;;
;;;;;;;;;;;;
;;;;;;;;;;;;
;;;;;;;;;;;;
;;;;;;;;;;;;
;;;;;;;;;;;;
;;;;;;;;;;;;
;;;;;;;;;;;;
;;;;;;;;;;;;
;;;;;;;;;;;;
;;;;;;;;;;;;
;;;;;;;;;;;;
;;;;;;;;;;;;
;;;;;;;;;;;;
;;;;;;;;;;;;
;;;;;;;;;;;;
;;;;;;;;;;;;
;;;;;;;;;;;;
;;;;;;;;;;;;
;;;;;;;;;;;;
;;;;;;;;;;;;
;;;;;;;;;;;;
;;;;;;;;;;;;
;;;;;;;;;;;;
;;;;;;;;;;;;
;;;;;;;;;;;;
;;;;;;;;;;;;
;;;;;;;;;;;;
;;;;;;;;;;;;
;;;;;;;;;;;;
;;;;;;;;;;;;
;;;;;;;;;;;;
;;;;;;;;;;;;
;;;;;;;;;;;;
;;;;;;;;;;;;
;;;;;;;;;;;;
;;;;;;;;;;;;
;;;;;;;;;;;;
;;;;;;;;;;;;
;;;;;;;;;;;;
;;;;;;;;;;;;
;;;;;;;;;;;;
;;;;;;;;;;;;
;;;;;;;;;;;;
;;;;;;;;;;;;
;;;;;;;;;;;;
;;;;;;;;;;;;
;;;;;;;;;;;;
;;;;;;;;;;;;
;;;;;;;;;;;;
;;;;;;;;;;;;
;;;;;;;;;;;;
;;;;;;;;;;;;
;;;;;;;;;;;;
;;;;;;;;;;;;
;;;;;;;;;;;;
;;;;;;;;;;;;
;;;;;;;;;;;;
;;;;;;;;;;;;
;;;;;;;;;;;;
;;;;;;;;;;;;
;;;;;;;;;;;;
;;;;;;;;;;;;
;;;;;;;;;;;;
;;;;;;;;;;;;
;;;;;;;;;;;;
;;;;;;;;;;;;
;;;;;;;;;;;;
;;;;;;;;;;;;
;;;;;;;;;;;;
;;;;;;;;;;;;
;;;;;;;;;;;;
;;;;;;;;;;;;
;;;;;;;;;;;;
;;;;;;;;;;;;
;;;;;;;;;;;;
;;;;;;;;;;;;
;;;;;;;;;;;;
;;;;;;;;;;;;
;;;;;;;;;;;;
;;;;;;;;;;;;
;;;;;;;;;;;;
;;;;;;;;;;;;
;;;;;;;;;;;;
;;;;;;;;;;;;
;;;;;;;;;;;;
;;;;;;;;;;;;
;;;;;;;;;;;;
;;;;;;;;;;;;
;;;;;;;;;;;;
;;;;;;;;;;;;
;;;;;;;;;;;;
;;;;;;;;;;;;
;;;;;;;;;;;;
;;;;;;;;;;;;
;;;;;;;;;;;;
;;;;;;;;;;;;
;;;;;;;;;;;;
;;;;;;;;;;;;
;;;;;;;;;;;;
;;;;;;;;;;;;
;;;;;;;;;;;;
;;;;;;;;;;;;
;;;;;;;;;;;;
;;;;;;;;;;;;
;;;;;;;;;;;;
;;;;;;;;;;;;
;;;;;;;;;;;;
;;;;;;;;;;;;
;;;;;;;;;;;;
;;;;;;;;;;;;
;;;;;;;;;;;;
;;;;;;;;;;;;
;;;;;;;;;;;;
;;;;;;;;;;;;
;;;;;;;;;;;;
;;;;;;;;;;;;
;;;;;;;;;;;;
;;;;;;;;;;;;
;;;;;;;;;;;;
;;;;;;;;;;;;
;;;;;;;;;;;;
;;;;;;;;;;;;
;;;;;;;;;;;;
;;;;;;;;;;;;
;;;;;;;;;;;;
;;;;;;;;;;;;
;;;;;;;;;;;;
;;;;;;;;;;;;
;;;;;;;;;;;;
;;;;;;;;;;;;
;;;;;;;;;;;;
;;;;;;;;;;;;
;;;;;;;;;;;;
;;;;;;;;;;;;
;;;;;;;;;;;;
;;;;;;;;;;;;
;;;;;;;;;;;;
;;;;;;;;;;;;
;;;;;;;;;;;;
;;;;;;;;;;;;
;;;;;;;;;;;;
;;;;;;;;;;;;
;;;;;;;;;;;;
;;;;;;;;;;;;
;;;;;;;;;;;;
;;;;;;;;;;;;
;;;;;;;;;;;;
;;;;;;;;;;;;
;;;;;;;;;;;;
;;;;;;;;;;;;
;;;;;;;;;;;;
;;;;;;;;;;;;
;;;;;;;;;;;;
;;;;;;;;;;;;
;;;;;;;;;;;;
;;;;;;;;;;;;
;;;;;;;;;;;;
;;;;;;;;;;;;
;;;;;;;;;;;;
;;;;;;;;;;;;
;;;;;;;;;;;;
;;;;;;;;;;;;
;;;;;;;;;;;;
;;;;;;;;;;;;
;;;;;;;;;;;;
;;;;;;;;;;;;
;;;;;;;;;;;;
;;;;;;;;;;;;
;;;;;;;;;;;;
;;;;;;;;;;;;
;;;;;;;;;;;;
;;;;;;;;;;;;
;;;;;;;;;;;;
;;;;;;;;;;;;
;;;;;;;;;;;;
;;;;;;;;;;;;
;;;;;;;;;;;;
;;;;;;;;;;;;
;;;;;;;;;;;;
;;;;;;;;;;;;
;;;;;;;;;;;;
;;;;;;;;;;;;
;;;;;;;;;;;;
;;;;;;;;;;;;
;;;;;;;;;;;;
;;;;;;;;;;;;
;;;;;;;;;;;;
;;;;;;;;;;;;
;;;;;;;;;;;;
;;;;;;;;;;;;
;;;;;;;;;;;;
;;;;;;;;;;;;
;;;;;;;;;;;;
;;;;;;;;;;;;
;;;;;;;;;;;;
;;;;;;;;;;;;
;;;;;;;;;;;;
;;;;;;;;;;;;
;;;;;;;;;;;;
;;;;;;;;;;;;
;;;;;;;;;;;;
;;;;;;;;;;;;
;;;;;;;;;;;;
;;;;;;;;;;;;
;;;;;;;;;;;;
;;;;;;;;;;;;
;;;;;;;;;;;;
;;;;;;;;;;;;
;;;;;;;;;;;;
;;;;;;;;;;;;
;;;;;;;;;;;;
;;;;;;;;;;;;
;;;;;;;;;;;;
;;;;;;;;;;;;
;;;;;;;;;;;;
;;;;;;;;;;;;
;;;;;;;;;;;;
;;;;;;;;;;;;
;;;;;;;;;;;;
;;;;;;;;;;;;
;;;;;;;;;;;;
;;;;;;;;;;;;
;;;;;;;;;;;;
;;;;;;;;;;;;
;;;;;;;;;;;;
;;;;;;;;;;;;
;;;;;;;;;;;;
;;;;;;;;;;;;
;;;;;;;;;;;;
;;;;;;;;;;;;
;;;;;;;;;;;;
;;;;;;;;;;;;
;;;;;;;;;;;;
;;;;;;;;;;;;
;;;;;;;;;;;;
;;;;;;;;;;;;
;;;;;;;;;;;;
;;;;;;;;;;;;
;;;;;;;;;;;;
;;;;;;;;;;;;
;;;;;;;;;;;;
;;;;;;;;;;;;
;;;;;;;;;;;;
;;;;;;;;;;;;
;;;;;;;;;;;;
;;;;;;;;;;;;
;;;;;;;;;;;;
;;;;;;;;;;;;
;;;;;;;;;;;;
;;;;;;;;;;;;
;;;;;;;;;;;;
;;;;;;;;;;;;
;;;;;;;;;;;;
;;;;;;;;;;;;
;;;;;;;;;;;;
;;;;;;;;;;;;
;;;;;;;;;;;;
;;;;;;;;;;;;
;;;;;;;;;;;;
;;;;;;;;;;;;
;;;;;;;;;;;;
;;;;;;;;;;;;
;;;;;;;;;;;;
;;;;;;;;;;;;
;;;;;;;;;;;;
;;;;;;;;;;;;
;;;;;;;;;;;;
;;;;;;;;;;;;
;;;;;;;;;;;;
;;;;;;;;;;;;
;;;;;;;;;;;;
;;;;;;;;;;;;
;;;;;;;;;;;;
;;;;;;;;;;;;
;;;;;;;;;;;;
;;;;;;;;;;;;
;;;;;;;;;;;;
;;;;;;;;;;;;
;;;;;;;;;;;;
;;;;;;;;;;;;
;;;;;;;;;;;;
;;;;;;;;;;;;
;;;;;;;;;;;;
;;;;;;;;;;;;
;;;;;;;;;;;;
;;;;;;;;;;;;
;;;;;;;;;;;;
;;;;;;;;;;;;
;;;;;;;;;;;;
;;;;;;;;;;;;
;;;;;;;;;;;;
;;;;;;;;;;;;
;;;;;;;;;;;;
;;;;;;;;;;;;
;;;;;;;;;;;;
;;;;;;;;;;;;
;;;;;;;;;;;;
;;;;;;;;;;;;
;;;;;;;;;;;;
;;;;;;;;;;;;
;;;;;;;;;;;;
;;;;;;;;;;;;
;;;;;;;;;;;;
;;;;;;;;;;;;
;;;;;;;;;;;;
;;;;;;;;;;;;
;;;;;;;;;;;;
;;;;;;;;;;;;
;;;;;;;;;;;;
;;;;;;;;;;;;
;;;;;;;;;;;;
;;;;;;;;;;;;
;;;;;;;;;;;;
;;;;;;;;;;;;
;;;;;;;;;;;;
;;;;;;;;;;;;
;;;;;;;;;;;;
;;;;;;;;;;;;
;;;;;;;;;;;;
;;;;;;;;;;;;
;;;;;;;;;;;;
;;;;;;;;;;;;
;;;;;;;;;;;;
;;;;;;;;;;;;
;;;;;;;;;;;;
;;;;;;;;;;;;
;;;;;;;;;;;;
;;;;;;;;;;;;
;;;;;;;;;;;;
;;;;;;;;;;;;
;;;;;;;;;;;;
;;;;;;;;;;;;
;;;;;;;;;;;;
;;;;;;;;;;;;
;;;;;;;;;;;;
;;;;;;;;;;;;
;;;;;;;;;;;;
;;;;;;;;;;;;
;;;;;;;;;;;;
;;;;;;;;;;;;
;;;;;;;;;;;;
;;;;;;;;;;;;
;;;;;;;;;;;;
;;;;;;;;;;;;
;;;;;;;;;;;;
;;;;;;;;;;;;
;;;;;;;;;;;;
;;;;;;;;;;;;
;;;;;;;;;;;;
;;;;;;;;;;;;
;;;;;;;;;;;;
;;;;;;;;;;;;
;;;;;;;;;;;;
;;;;;;;;;;;;
;;;;;;;;;;;;
;;;;;;;;;;;;
;;;;;;;;;;;;
;;;;;;;;;;;;
;;;;;;;;;;;;
;;;;;;;;;;;;
;;;;;;;;;;;;
;;;;;;;;;;;;
;;;;;;;;;;;;
;;;;;;;;;;;;
;;;;;;;;;;;;
;;;;;;;;;;;;
;;;;;;;;;;;;
;;;;;;;;;;;;
;;;;;;;;;;;;
;;;;;;;;;;;;
;;;;;;;;;;;;
;;;;;;;;;;;;
;;;;;;;;;;;;
;;;;;;;;;;;;
;;;;;;;;;;;;
;;;;;;;;;;;;
;;;;;;;;;;;;
;;;;;;;;;;;;
;;;;;;;;;;;;
;;;;;;;;;;;;
;;;;;;;;;;;;
;;;;;;;;;;;;
;;;;;;;;;;;;
;;;;;;;;;;;;
;;;;;;;;;;;;
;;;;;;;;;;;;
;;;;;;;;;;;;
;;;;;;;;;;;;
;;;;;;;;;;;;
;;;;;;;;;;;;
;;;;;;;;;;;;
;;;;;;;;;;;;
;;;;;;;;;;;;
;;;;;;;;;;;;
;;;;;;;;;;;;
;;;;;;;;;;;;
;;;;;;;;;;;;
;;;;;;;;;;;;
;;;;;;;;;;;;
;;;;;;;;;;;;
;;;;;;;;;;;;
;;;;;;;;;;;;
;;;;;;;;;;;;
;;;;;;;;;;;;
;;;;;;;;;;;;
;;;;;;;;;;;;
;;;;;;;;;;;;
;;;;;;;;;;;;
;;;;;;;;;;;;
;;;;;;;;;;;;
;;;;;;;;;;;;
;;;;;;;;;;;;
;;;;;;;;;;;;
;;;;;;;;;;;;
;;;;;;;;;;;;
;;;;;;;;;;;;
;;;;;;;;;;;;
;;;;;;;;;;;;
;;;;;;;;;;;;
;;;;;;;;;;;;
;;;;;;;;;;;;
;;;;;;;;;;;;
;;;;;;;;;;;;
;;;;;;;;;;;;
;;;;;;;;;;;;
;;;;;;;;;;;;
;;;;;;;;;;;;
;;;;;;;;;;;;
;;;;;;;;;;;;
;;;;;;;;;;;;
;;;;;;;;;;;;
;;;;;;;;;;;;
;;;;;;;;;;;;
;;;;;;;;;;;;
;;;;;;;;;;;;
;;;;;;;;;;;;
;;;;;;;;;;;;
;;;;;;;;;;;;
;;;;;;;;;;;;
;;;;;;;;;;;;
;;;;;;;;;;;;
;;;;;;;;;;;;
;;;;;;;;;;;;
;;;;;;;;;;;;
;;;;;;;;;;;;
;;;;;;;;;;;;
;;;;;;;;;;;;
;;;;;;;;;;;;
;;;;;;;;;;;;
;;;;;;;;;;;;
;;;;;;;;;;;;
;;;;;;;;;;;;
;;;;;;;;;;;;
;;;;;;;;;;;;
;;;;;;;;;;;;
;;;;;;;;;;;;
;;;;;;;;;;;;
;;;;;;;;;;;;
;;;;;;;;;;;;
;;;;;;;;;;;;
;;;;;;;;;;;;
;;;;;;;;;;;;
;;;;;;;;;;;;
;;;;;;;;;;;;
;;;;;;;;;;;;
;;;;;;;;;;;;
;;;;;;;;;;;;
;;;;;;;;;;;;
;;;;;;;;;;;;
;;;;;;;;;;;;
;;;;;;;;;;;;
;;;;;;;;;;;;
;;;;;;;;;;;;
;;;;;;;;;;;;
;;;;;;;;;;;;
;;;;;;;;;;;;
;;;;;;;;;;;;
;;;;;;;;;;;;
;;;;;;;;;;;;
;;;;;;;;;;;;
;;;;;;;;;;;;
;;;;;;;;;;;;
;;;;;;;;;;;;
;;;;;;;;;;;;
;;;;;;;;;;;;
;;;;;;;;;;;;
;;;;;;;;;;;;
;;;;;;;;;;;;
